file,organization,doctype_code,matched
"Bộ Công an_01d_TP_TĐ-BH-TĐG_Số DT VBQPPL, số TTHC tại DT VBQPPL của bộ, cơ(...).xlsx",Bộ Công an,01d,True
Bộ Công an_04d_TP_PBGDPL_Kết quả công tác phổ biến giáo dục pháp luật tại(...).xlsx,Bộ Công an,04d,True
"Bộ Công Thương_01d_TP_TĐ-BH-TĐG_Số DT VBQPPL, số TTHC tại DT VBQPPL của bộ,(...) copy.xlsx",Bộ Công Thương,01d,True
"Bộ Công Thương_01d_TP_TĐ-BH-TĐG_Số DT VBQPPL, số TTHC tại DT VBQPPL của bộ,(...).xlsx",Bộ Công Thương,01d,True
"Bộ Công Thương_02b_TP_KTTTQ_Kết quả kiểm tra, xử lý văn bản theo thẩm quyền(...).xlsx",Bộ Công Thương,02b,True
Bộ Công Thương_04d_TP_PBGDPL_Kết quả công tác phổ biến giáo dục pháp luật t(...).xlsx,Bộ Công Thương,04d,True
"Bộ Dân tộc và tôn giáo_01d_TP_TĐ-BH-TĐG_Số DT VBQPPL, số TTHC tại DT VBQPPL(...).xlsx",Bộ Dân tộc và tôn giáo,01d,True
"Bộ Giáo dục và Đào tạo_01d_TP_TĐ-BH-TĐG_Số DT VBQPPL, số TTHC tại DT VBQPPL(...) copy 2.xlsx",Bộ Giáo dục và Đào tạo,01d,True
"Bộ Giáo dục và Đào tạo_01d_TP_TĐ-BH-TĐG_Số DT VBQPPL, số TTHC tại DT VBQPPL(...) copy.xlsx",Bộ Giáo dục và Đào tạo,01d,True
"Bộ Giáo dục và Đào tạo_01d_TP_TĐ-BH-TĐG_Số DT VBQPPL, số TTHC tại DT VBQPPL(...).xlsx",Bộ Giáo dục và Đào tạo,01d,True
"Bộ Giáo dục và Đào tạo_02b_TP_KTTTQ_Kết quả kiểm tra, xử lý văn bản theo th(...) copy.xlsx",Bộ Giáo dục và Đào tạo,02b,True
"Bộ Giáo dục và Đào tạo_02b_TP_KTTTQ_Kết quả kiểm tra, xử lý văn bản theo th(...).xlsx",Bộ Giáo dục và Đào tạo,02b,True
Bộ Giáo dục và Đào tạo_04d_TP_PBGDPL_Kết quả công tác phổ biến giáo dục phá(...).xlsx,Bộ Giáo dục và Đào tạo,04d,True
"Bộ Khoa học và Công nghệ_01d_TP_TĐ-BH-TĐG_Số DT VBQPPL, số TTHC tại DT VBQP(...) copy.xlsx",Bộ Khoa học và Công nghệ,01d,True
"Bộ Khoa học và Công nghệ_01d_TP_TĐ-BH-TĐG_Số DT VBQPPL, số TTHC tại DT VBQP(...).xlsx",Bộ Khoa học và Công nghệ,01d,True
"Bộ Khoa học và Công nghệ_02b_TP_KTTTQ_Kết quả kiểm tra, xử lý văn bản theo(...).xlsx",Bộ Khoa học và Công nghệ,02b,True
Bộ Khoa học và Công nghệ_04d_TP_PBGDPL_Kết quả công tác phổ biến giáo dục p(...).xlsx,Bộ Khoa học và Công nghệ,04d,True
"Bộ Ngoại giao_01d_TP_TĐ-BH-TĐG_Số DT VBQPPL, số TTHC tại DT VBQPPL của bộ,(...).xlsx",Bộ Ngoại giao,01d,True
"Bộ Nông nghiệp và Môi trường_01d_TP_TĐ-BH-TĐG_Số DT VBQPPL, số TTHC tại DT(...).xlsx",Bộ Nông nghiệp và Môi trường,01d,True
"Bộ Nội vụ_01d_TP_TĐ-BH-TĐG_Số DT VBQPPL, số TTHC tại DT VBQPPL của bộ, cơ q(...) copy.xlsx",Bộ Nội vụ,01d,True
"Bộ Nội vụ_01d_TP_TĐ-BH-TĐG_Số DT VBQPPL, số TTHC tại DT VBQPPL của bộ, cơ q(...).xlsx",Bộ Nội vụ,01d,True
"Bộ Nội vụ_02b_TP_KTTTQ_Kết quả kiểm tra, xử lý văn bản theo thẩm quyền tại(...).xlsx",Bộ Nội vụ,02b,True
"Bộ Quốc phòng_01d_TP_TĐ-BH-TĐG_Số DT VBQPPL, số TTHC tại DT VBQPPL của bộ(...) copy.xlsx",Bộ Quốc phòng,01d,True
"Bộ Quốc phòng_01d_TP_TĐ-BH-TĐG_Số DT VBQPPL, số TTHC tại DT VBQPPL của bộ(...).xlsx",Bộ Quốc phòng,01d,True
"Bộ Quốc phòng_02b_TP_KTTTQ_Kết quả kiểm tra, xử lý văn bản theo thẩm quyề(...).xlsx",Bộ Quốc phòng,02b,True
Bộ Quốc phòng_04d_TP_PBGDPL_Kết quả công tác phổ biến giáo dục pháp luật(...).xlsx,Bộ Quốc phòng,04d,True
"Bộ Tài chính_01d_TP_TĐ-BH-TĐG_Số DT VBQPPL, số TTHC tại DT VBQPPL của bộ, c(...).xlsx",Bộ Tài chính,01d,True
"Bộ Tư pháp_01d_TP_TĐ-BH-TĐG_Số DT VBQPPL, số TTHC tại DT VBQPPL của bộ, cơ(...).xlsx",Bộ Tư pháp,01d,True
"Bộ Văn hóa, thể thao và du lịch_01d_TP_TĐ-BH-TĐG_Số DT VBQPPL, số TTHC tại(...).xlsx","Bộ Văn hóa, thể thao và du lịch",01d,True
"Bộ Xây dựng_01d_TP_TĐ-BH-TĐG_Số DT VBQPPL, số TTHC tại DT VBQPPL của bộ, cơ(...).xlsx",Bộ Xây dựng,01d,True
"Bộ Y tế_01d_TP_TĐ-BH-TĐG_Số DT VBQPPL, số TTHC tại DT VBQPPL của bộ, cơ qua(...).xlsx",Bộ Y tế,01d,True
Cơ quan UBMTTQ_04b_TP_PBGDPL_Kết quả công tác phổ biến giáo dục pháp luật t(...).xlsx,Cơ quan UBMTTQ,04b,True
"Cục Bổ trợ tư pháp_01e_TP_TĐ-BH-TĐG_Số văn bản chính sách, DT VBQPPL do chí(...).xlsx",Cục Bổ trợ tư pháp,01e,True
Cục Bổ trợ tư pháp_04d_TP_PBGDPL_Kết quả công tác phổ biến giáo dục pháp lu(...).xlsx,Cục Bổ trợ tư pháp,04d,True
Cục Kiểm soát Thủ tục Hành chính_01g_TP_TĐTTHC_Số TTHC tại DT VBQPPL đã đượ(...) copy.xlsx,Cục Kiểm soát Thủ tục Hành chính,01g,True
Cục Kiểm soát Thủ tục Hành chính_01g_TP_TĐTTHC_Số TTHC tại DT VBQPPL đã đượ(...).xlsx,Cục Kiểm soát Thủ tục Hành chính,01g,True
Cục Kiểm tra văn bản và Quản lý xử lý vi phạm hành chính_02b_TP_KTTTQ_Kết q(...) copy.xlsx,Cục Kiểm tra văn bản và Quản lý xử lý vi phạm hành chính,02b,True
Cục Kiểm tra văn bản và Quản lý xử lý vi phạm hành chính_02b_TP_KTTTQ_Kết q(...).xlsx,Cục Kiểm tra văn bản và Quản lý xử lý vi phạm hành chính,02b,True
Cục Kế hoạch - Tài chính_09b_TP_CT_Kết quả chứng thực trên địa bàn Tỉnh_Thà(...).xlsx,Cục Kế hoạch - Tài chính,09b,True
"Cục Quản lý thi hành án dân sự_01e_TP_TĐ-BH-TĐG_Số văn bản chính sách, DT V(...).xlsx",Cục Quản lý thi hành án dân sự,01e,True
Cục Quản lý thi hành án dân sự_04d_TP_PBGDPL_Kết quả công tác phổ biến giáo(...).xlsx,Cục Quản lý thi hành án dân sự,04d,True
Cục Đăng ký giao dịch bảo đảm và Bồi thường nhà nước_01e_TP_TĐ-BH-TĐG_Số vă(...).xlsx,Cục Đăng ký giao dịch bảo đảm và Bồi thường nhà nước,01e,True
Cục Đăng ký giao dịch bảo đảm và Bồi thường nhà nước_04d_TP_PBGDPL_Kết quả(...).xlsx,Cục Đăng ký giao dịch bảo đảm và Bồi thường nhà nước,04d,True
"Học viện Tư pháp_01e_TP_TĐ-BH-TĐG_Số văn bản chính sách, DT VBQPPL do chính(...).xlsx",Học viện Tư pháp,01e,True
Học viện Tư pháp_04d_TP_PBGDPL_Kết quả công tác phổ biến giáo dục pháp luật(...).xlsx,Học viện Tư pháp,04d,True
"Ngân hàng Nhà nước Việt Nam_01d_TP_TĐ-BH-TĐG_Số DT VBQPPL, số TTHC tại DT V(...).xlsx",Ngân hàng Nhà nước Việt Nam,01d,True
"Nhà Xuất bản Tư pháp_01e_TP_TĐ-BH-TĐG_Số văn bản chính sách, DT VBQPPL do c(...) copy.xlsx",Nhà Xuất bản Tư pháp,01e,True
"Nhà Xuất bản Tư pháp_01e_TP_TĐ-BH-TĐG_Số văn bản chính sách, DT VBQPPL do c(...).xlsx",Nhà Xuất bản Tư pháp,01e,True
Nhà Xuất bản Tư pháp_04d_TP_PBGDPL_Kết quả công tác phổ biến giáo dục pháp(...) copy.xlsx,Nhà Xuất bản Tư pháp,04d,True
Nhà Xuất bản Tư pháp_04d_TP_PBGDPL_Kết quả công tác phổ biến giáo dục pháp(...).xlsx,Nhà Xuất bản Tư pháp,04d,True
Sở Công thương_04b_TP_PBGDPL_Kết quả công tác phổ biến giáo dục pháp luật t(...).xlsx,Sở Công thương,04b,True
Sở Công thương_21a_TP_HTPLDN_Kết quả triển khai công tác hỗ trợ pháp lý cho(...).xlsx,Sở Công thương,21a,True
Sở Giáo dục và đào tạo_04b_TP_PBGDPL_Kết quả công tác phổ biến giáo dục phá(...).xlsx,Sở Giáo dục và đào tạo,04b,True
Sở Giáo dục và đào tạo_21a_TP_HTPLDN_Kết quả triển khai công tác hỗ trợ phá(...).xlsx,Sở Giáo dục và đào tạo,21a,True
Sở Khoa học và Công nghệ_21a_TP_HTPLDN_Kết quả triển khai công tác hỗ trợ p(...).xlsx,Sở Khoa học và Công nghệ,21a,True
Sở Nông nghiệp và Môi trường_04b_TP_PBGDPL_Kết quả công tác phổ biến giáo d(...).xlsx,Sở Nông nghiệp và Môi trường,04b,True
Sở Nông nghiệp và Môi trường_21a_TP_HTPLDN_Kết quả triển khai công tác hỗ t(...).xlsx,Sở Nông nghiệp và Môi trường,21a,True
Sở Nội vụ_21a_TP_HTPLDN_Kết quả triển khai công tác hỗ trợ pháp lý cho doan(...).xlsx,Sở Nội vụ,21a,True
Sở Tư pháp Thành phố Cần Thơ_01c_TP_BH-TĐG_Số VBQPPL được ban hành; số VBQP(...).xlsx,Sở Tư pháp Thành phố Cần Thơ,01c,True
Sở Tư pháp Thành phố Huế_01c_TP_BH-TĐG_Số VBQPPL được ban hành; số VBQPPL b(...).xlsx,Sở Tư pháp Thành phố Huế,01c,True
Sở Tư pháp Thành phố Huế_05c_TP_HGCS-TCPL_Kết quả công tác hòa giải ở cơ sở(...) copy.xlsx,Sở Tư pháp Thành phố Huế,05c,True
Sở Tư pháp Thành phố Huế_05c_TP_HGCS-TCPL_Kết quả công tác hòa giải ở cơ sở(...).xlsx,Sở Tư pháp Thành phố Huế,05c,True
Sở Tư pháp Thành phố Huế_08b_TP_CNTN_Kết quả đăng ký nuôi con nuôi trong nư(...).xlsx,Sở Tư pháp Thành phố Huế,08b,True
Sở Tư pháp Thành phố Huế_09b_TP_CT_Kết quả chứng thực trên địa bàn Tỉnh_Thà(...) copy.xlsx,Sở Tư pháp Thành phố Huế,09b,True
Sở Tư pháp Thành phố Huế_09b_TP_CT_Kết quả chứng thực trên địa bàn Tỉnh_Thà(...).xlsx,Sở Tư pháp Thành phố Huế,09b,True
Sở Tư pháp Thành phố Huế_11b_TP_LSTN_Số tổ chức và kết quả hoạt động của cá(...).xlsx,Sở Tư pháp Thành phố Huế,11b,True
Sở Tư pháp Thành phố Hà Nội_01c_TP_BH-TĐG_Số VBQPPL được ban hành; số VBQPP(...) copy 2.xlsx,Sở Tư pháp Thành phố Hà Nội,01c,True
Sở Tư pháp Thành phố Hà Nội_01c_TP_BH-TĐG_Số VBQPPL được ban hành; số VBQPP(...) copy.xlsx,Sở Tư pháp Thành phố Hà Nội,01c,True
Sở Tư pháp Thành phố Hà Nội_01c_TP_BH-TĐG_Số VBQPPL được ban hành; số VBQPP(...).xlsx,Sở Tư pháp Thành phố Hà Nội,01c,True
Sở Tư pháp Thành phố Hà Nội_04c_TP_PBGDPL_Kết quả công tác phổ biến giáo dụ(...).xlsx,Sở Tư pháp Thành phố Hà Nội,04c,True
Sở Tư pháp Thành phố Hà Nội_05c_TP_HGCS-TCPL_Kết quả công tác hòa giải ở cơ(...) (2).xlsx,Sở Tư pháp Thành phố Hà Nội,05c,True
Sở Tư pháp Thành phố Hà Nội_05c_TP_HGCS-TCPL_Kết quả công tác hòa giải ở cơ(...) (3).xlsx,Sở Tư pháp Thành phố Hà Nội,05c,True
Sở Tư pháp Thành phố Hà Nội_05c_TP_HGCS-TCPL_Kết quả công tác hòa giải ở cơ(...).xlsx,Sở Tư pháp Thành phố Hà Nội,05c,True
Sở Tư pháp Thành phố Hà Nội_09b_TP_CT_Kết quả chứng thực trên địa bàn Tỉnh_(...) (2).xlsx,Sở Tư pháp Thành phố Hà Nội,09b,True
Sở Tư pháp Thành phố Hà Nội_09b_TP_CT_Kết quả chứng thực trên địa bàn Tỉnh_(...).xlsx,Sở Tư pháp Thành phố Hà Nội,09b,True
Sở Tư pháp Thành phố Hà Nội_10b_TP_CC_Số tổ chức và kết quả hoạt động công(...).xlsx,Sở Tư pháp Thành phố Hà Nội,10b,True
Sở Tư pháp Thành phố Hải Phòng_01c_TP_BH-TĐG_Số VBQPPL được ban hành; số VB(...).xlsx,Sở Tư pháp Thành phố Hải Phòng,01c,True
Sở Tư pháp Thành phố Hải Phòng_04c_TP_PBGDPL_Kết quả công tác phổ biến giáo(...).xlsx,Sở Tư pháp Thành phố Hải Phòng,04c,True
Sở Tư pháp Thành phố Hải Phòng_05c_TP_HGCS-TCPL_Kết quả công tác hòa giải ở(...) copy.xlsx,Sở Tư pháp Thành phố Hải Phòng,05c,True
Sở Tư pháp Thành phố Hải Phòng_05c_TP_HGCS-TCPL_Kết quả công tác hòa giải ở(...).xlsx,Sở Tư pháp Thành phố Hải Phòng,05c,True
Sở Tư pháp Thành phố Hải Phòng_08b_TP_CNTN_Kết quả đăng ký nuôi con nuôi tr(...).xlsx,Sở Tư pháp Thành phố Hải Phòng,08b,True
Sở Tư pháp Thành phố Hải Phòng_09b_TP_CT_Kết quả chứng thực trên địa bàn Tỉ(...).xlsx,Sở Tư pháp Thành phố Hải Phòng,09b,True
Sở Tư pháp Thành phố Hải Phòng_11b_TP_LSTN_Số tổ chức và kết quả hoạt động(...) copy.xlsx,Sở Tư pháp Thành phố Hải Phòng,11b,True
Sở Tư pháp Thành phố Hải Phòng_11b_TP_LSTN_Số tổ chức và kết quả hoạt động(...).xlsx,Sở Tư pháp Thành phố Hải Phòng,11b,True
Sở Tư pháp Thành phố Hồ Chí Minh_01c_TP_BH-TĐG_Số VBQPPL được ban hành; số(...).xlsx,Sở Tư pháp Thành phố Hồ Chí Minh,01c,True
Sở Tư pháp Thành phố Hồ Chí Minh_05c_TP_HGCS-TCPL_Kết quả công tác hòa giải(...) copy.xlsx,Sở Tư pháp Thành phố Hồ Chí Minh,05c,True
Sở Tư pháp Thành phố Hồ Chí Minh_05c_TP_HGCS-TCPL_Kết quả công tác hòa giải(...).xlsx,Sở Tư pháp Thành phố Hồ Chí Minh,05c,True
Sở Tư pháp Thành phố Hồ Chí Minh_09b_TP_CT_Kết quả chứng thực trên địa bàn(...).xlsx,Sở Tư pháp Thành phố Hồ Chí Minh,09b,True
Sở Tư pháp Thành phố Đà Nẵng_01b_TP_TĐ_Số DT VBQPPL được thẩm định; số DT V(...).xlsx,Sở Tư pháp Thành phố Đà Nẵng,01b,True
Sở Tư pháp Thành phố Đà Nẵng_01c_TP_BH-TĐG_Số VBQPPL được ban hành; số VBQP(...).xlsx,Sở Tư pháp Thành phố Đà Nẵng,01c,True
Sở Tư pháp Thành phố Đà Nẵng_05c_TP_HGCS-TCPL_Kết quả công tác hòa giải ở c(...).xlsx,Sở Tư pháp Thành phố Đà Nẵng,05c,True
Sở Tư pháp Thành phố Đồng Nai_01b_TP_TĐ_Số DT VBQPPL được thẩm định; số DT(...).xlsx,Sở Tư pháp Thành phố Đồng Nai,01b,True
Sở Tư pháp Thành phố Đồng Nai_01c_TP_BH-TĐG_Số VBQPPL được ban hành; số VBQ(...) copy.xlsx,Sở Tư pháp Thành phố Đồng Nai,01c,True
Sở Tư pháp Thành phố Đồng Nai_01c_TP_BH-TĐG_Số VBQPPL được ban hành; số VBQ(...).xlsx,Sở Tư pháp Thành phố Đồng Nai,01c,True
Sở Tư pháp Thành phố Đồng Nai_09b_TP_CT_Kết quả chứng thực trên địa bàn Tỉn(...).xlsx,Sở Tư pháp Thành phố Đồng Nai,09b,True
Sở Tư pháp Thành phố Đồng Nai_10b_TP_CC_Số tổ chức và kết quả hoạt động côn(...).xlsx,Sở Tư pháp Thành phố Đồng Nai,10b,True
Sở Tư pháp Thành phố Đồng Nai_11c_TP_LSTN_Kết quả hoạt động cấp Chứng chỉ h(...).xlsx,Sở Tư pháp Thành phố Đồng Nai,11c,True
Sở Tư pháp Tỉnh An Giang_01c_TP_BH-TĐG_Số VBQPPL được ban hành; số VBQPPL b(...).xlsx,Sở Tư pháp Tỉnh An Giang,01c,True
Sở Tư pháp Tỉnh An Giang_05c_TP_HGCS-TCPL_Kết quả công tác hòa giải ở cơ sở(...).xlsx,Sở Tư pháp Tỉnh An Giang,05c,True
Sở Tư pháp Tỉnh An Giang_09b_TP_CT_Kết quả chứng thực trên địa bàn Tỉnh_Thà(...).xlsx,Sở Tư pháp Tỉnh An Giang,09b,True
Sở Tư pháp Tỉnh Bắc Ninh_01b_TP_TĐ_Số DT VBQPPL được thẩm định; số DT VBQPP(...).xlsx,Sở Tư pháp Tỉnh Bắc Ninh,01b,True
Sở Tư pháp Tỉnh Bắc Ninh_01c_TP_BH-TĐG_Số VBQPPL được ban hành; số VBQPPL b(...).xlsx,Sở Tư pháp Tỉnh Bắc Ninh,01c,True
Sở Tư pháp Tỉnh Bắc Ninh_04c_TP_PBGDPL_Kết quả công tác phổ biến giáo dục p(...).xlsx,Sở Tư pháp Tỉnh Bắc Ninh,04c,True
Sở Tư pháp Tỉnh Bắc Ninh_05c_TP_HGCS-TCPL_Kết quả công tác hòa giải ở cơ sở(...) copy.xlsx,Sở Tư pháp Tỉnh Bắc Ninh,05c,True
Sở Tư pháp Tỉnh Bắc Ninh_05c_TP_HGCS-TCPL_Kết quả công tác hòa giải ở cơ sở(...).xlsx,Sở Tư pháp Tỉnh Bắc Ninh,05c,True
Sở Tư pháp Tỉnh Bắc Ninh_09b_TP_CT_Kết quả chứng thực trên địa bàn Tỉnh_Thà(...) copy.xlsx,Sở Tư pháp Tỉnh Bắc Ninh,09b,True
Sở Tư pháp Tỉnh Bắc Ninh_09b_TP_CT_Kết quả chứng thực trên địa bàn Tỉnh_Thà(...).xlsx,Sở Tư pháp Tỉnh Bắc Ninh,09b,True
Sở Tư pháp Tỉnh Bắc Ninh_10b_TP_CC_Số tổ chức và kết quả hoạt động công chứ(...) copy.xlsx,Sở Tư pháp Tỉnh Bắc Ninh,10b,True
Sở Tư pháp Tỉnh Bắc Ninh_10b_TP_CC_Số tổ chức và kết quả hoạt động công chứ(...).xlsx,Sở Tư pháp Tỉnh Bắc Ninh,10b,True
Sở Tư pháp Tỉnh Bắc Ninh_11b_TP_LSTN_Số tổ chức và kết quả hoạt động của cá(...) copy.xlsx,Sở Tư pháp Tỉnh Bắc Ninh,11b,True
Sở Tư pháp Tỉnh Bắc Ninh_11b_TP_LSTN_Số tổ chức và kết quả hoạt động của cá(...).xlsx,Sở Tư pháp Tỉnh Bắc Ninh,11b,True
Sở Tư pháp Tỉnh Bắc Ninh_21a_TP_HTPLDN_Kết quả triển khai công tác hỗ trợ p(...).xlsx,Sở Tư pháp Tỉnh Bắc Ninh,21a,True
Sở Tư pháp Tỉnh Cao Bằng_01c_TP_BH-TĐG_Số VBQPPL được ban hành; số VBQPPL b(...).xlsx,Sở Tư pháp Tỉnh Cao Bằng,01c,True
Sở Tư pháp Tỉnh Cao Bằng_05c_TP_HGCS-TCPL_Kết quả công tác hòa giải ở cơ sở(...) copy.xlsx,Sở Tư pháp Tỉnh Cao Bằng,05c,True
Sở Tư pháp Tỉnh Cao Bằng_05c_TP_HGCS-TCPL_Kết quả công tác hòa giải ở cơ sở(...).xlsx,Sở Tư pháp Tỉnh Cao Bằng,05c,True
Sở Tư pháp Tỉnh Cao Bằng_08b_TP_CNTN_Kết quả đăng ký nuôi con nuôi trong nư(...).xlsx,Sở Tư pháp Tỉnh Cao Bằng,08b,True
Sở Tư pháp Tỉnh Cao Bằng_09b_TP_CT_Kết quả chứng thực trên địa bàn Tỉnh_Thà(...).xlsx,Sở Tư pháp Tỉnh Cao Bằng,09b,True
Sở Tư pháp Tỉnh Cà Mau_01c_TP_BH-TĐG_Số VBQPPL được ban hành; số VBQPPL ban(...).xlsx,Sở Tư pháp Tỉnh Cà Mau,01c,True
Sở Tư pháp Tỉnh Cà Mau_09b_TP_CT_Kết quả chứng thực trên địa bàn Tỉnh_Thành phố.xlsx,Sở Tư pháp Tỉnh Cà Mau,09b,True
Sở Tư pháp Tỉnh Gia Lai_01b_TP_TĐ_Số DT VBQPPL được thẩm định; số DT VBQPPL(...) copy.xlsx,Sở Tư pháp Tỉnh Gia Lai,01b,True
Sở Tư pháp Tỉnh Gia Lai_01b_TP_TĐ_Số DT VBQPPL được thẩm định; số DT VBQPPL(...).xlsx,Sở Tư pháp Tỉnh Gia Lai,01b,True
Sở Tư pháp Tỉnh Gia Lai_01c_TP_BH-TĐG_Số VBQPPL được ban hành; số VBQPPL ba(...).xlsx,Sở Tư pháp Tỉnh Gia Lai,01c,True
Sở Tư pháp Tỉnh Gia Lai_04c_TP_PBGDPL_Kết quả công tác phổ biến giáo dục ph(...).xlsx,Sở Tư pháp Tỉnh Gia Lai,04c,True
Sở Tư pháp Tỉnh Gia Lai_05c_TP_HGCS-TCPL_Kết quả công tác hòa giải ở cơ sở;(...).xlsx,Sở Tư pháp Tỉnh Gia Lai,05c,True
Sở Tư pháp Tỉnh Gia Lai_09b_TP_CT_Kết quả chứng thực trên địa bàn Tỉnh_Thành phố.xlsx,Sở Tư pháp Tỉnh Gia Lai,09b,True
Sở Tư pháp Tỉnh Hà Tĩnh_01b_TP_TĐ_Số DT VBQPPL được thẩm định; số DT VBQPPL(...).xlsx,Sở Tư pháp Tỉnh Hà Tĩnh,01b,True
Sở Tư pháp Tỉnh Hà Tĩnh_01c_TP_BH-TĐG_Số VBQPPL được ban hành; số VBQPPL ba(...).xlsx,Sở Tư pháp Tỉnh Hà Tĩnh,01c,True
Sở Tư pháp Tỉnh Hà Tĩnh_09b_TP_CT_Kết quả chứng thực trên địa bàn Tỉnh_Thành phố.xlsx,Sở Tư pháp Tỉnh Hà Tĩnh,09b,True
Sở Tư pháp Tỉnh Hà Tĩnh_11b_TP_LSTN_Số tổ chức và kết quả hoạt động của các(...) copy.xlsx,Sở Tư pháp Tỉnh Hà Tĩnh,11b,True
Sở Tư pháp Tỉnh Hà Tĩnh_11b_TP_LSTN_Số tổ chức và kết quả hoạt động của các(...).xlsx,Sở Tư pháp Tỉnh Hà Tĩnh,11b,True
Sở Tư pháp Tỉnh Hưng Yên_01c_TP_BH-TĐG_Số VBQPPL được ban hành; số VBQPPL b(...).xlsx,Sở Tư pháp Tỉnh Hưng Yên,01c,True
Sở Tư pháp Tỉnh Hưng Yên_04c_TP_PBGDPL_Kết quả công tác phổ biến giáo dục p(...) copy.xlsx,Sở Tư pháp Tỉnh Hưng Yên,04c,True
Sở Tư pháp Tỉnh Hưng Yên_04c_TP_PBGDPL_Kết quả công tác phổ biến giáo dục p(...).xlsx,Sở Tư pháp Tỉnh Hưng Yên,04c,True
Sở Tư pháp Tỉnh Hưng Yên_08b_TP_CNTN_Kết quả đăng ký nuôi con nuôi trong nư(...).xlsx,Sở Tư pháp Tỉnh Hưng Yên,08b,True
Sở Tư pháp Tỉnh Hưng Yên_08c_TP_CNNN_Kết quả giải quyết cho trẻ em Việt Nam(...).xlsx,Sở Tư pháp Tỉnh Hưng Yên,08c,True
Sở Tư pháp Tỉnh Hưng Yên_09b_TP_CT_Kết quả chứng thực trên địa bàn Tỉnh_Thà(...).xlsx,Sở Tư pháp Tỉnh Hưng Yên,09b,True
Sở Tư pháp Tỉnh Khánh Hòa_01c_TP_BH-TĐG_Số VBQPPL được ban hành; số VBQPPL(...).xlsx,Sở Tư pháp Tỉnh Khánh Hòa,01c,True
Sở Tư pháp Tỉnh Khánh Hòa_05c_TP_HGCS-TCPL_Kết quả công tác hòa giải ở cơ s(...).xlsx,Sở Tư pháp Tỉnh Khánh Hòa,05c,True
Sở Tư pháp Tỉnh Lai Châu_01b_TP_TĐ_Số DT VBQPPL được thẩm định; số DT VBQPP(...) copy.xlsx,Sở Tư pháp Tỉnh Lai Châu,01b,True
Sở Tư pháp Tỉnh Lai Châu_01b_TP_TĐ_Số DT VBQPPL được thẩm định; số DT VBQPP(...).xlsx,Sở Tư pháp Tỉnh Lai Châu,01b,True
Sở Tư pháp Tỉnh Lai Châu_01c_TP_BH-TĐG_Số VBQPPL được ban hành; số VBQPPL b(...).xlsx,Sở Tư pháp Tỉnh Lai Châu,01c,True
Sở Tư pháp Tỉnh Lai Châu_05c_TP_HGCS-TCPL_Kết quả công tác hòa giải ở cơ sở(...).xlsx,Sở Tư pháp Tỉnh Lai Châu,05c,True
Sở Tư pháp Tỉnh Lai Châu_09b_TP_CT_Kết quả chứng thực trên địa bàn Tỉnh_Thà(...).xlsx,Sở Tư pháp Tỉnh Lai Châu,09b,True
Sở Tư pháp Tỉnh Lai Châu_11b_TP_LSTN_Số tổ chức và kết quả hoạt động của cá(...).xlsx,Sở Tư pháp Tỉnh Lai Châu,11b,True
Sở Tư pháp Tỉnh Lào Cai_01b_TP_TĐ_Số DT VBQPPL được thẩm định; số DT VBQPPL(...) copy.xlsx,Sở Tư pháp Tỉnh Lào Cai,01b,True
Sở Tư pháp Tỉnh Lào Cai_01b_TP_TĐ_Số DT VBQPPL được thẩm định; số DT VBQPPL(...).xlsx,Sở Tư pháp Tỉnh Lào Cai,01b,True
Sở Tư pháp Tỉnh Lào Cai_01c_TP_BH-TĐG_Số VBQPPL được ban hành; số VBQPPL ba(...) copy 2.xlsx,Sở Tư pháp Tỉnh Lào Cai,01c,True
Sở Tư pháp Tỉnh Lào Cai_01c_TP_BH-TĐG_Số VBQPPL được ban hành; số VBQPPL ba(...) copy.xlsx,Sở Tư pháp Tỉnh Lào Cai,01c,True
Sở Tư pháp Tỉnh Lào Cai_01c_TP_BH-TĐG_Số VBQPPL được ban hành; số VBQPPL ba(...).xlsx,Sở Tư pháp Tỉnh Lào Cai,01c,True
"Sở Tư pháp Tỉnh Lào Cai_02a_TP_KTTTQ_Kết quả kiểm tra, xử lý văn bản theo t(...).xlsx",Sở Tư pháp Tỉnh Lào Cai,02a,True
Sở Tư pháp Tỉnh Lào Cai_04c_TP_PBGDPL_Kết quả công tác phổ biến giáo dục ph(...) copy.xlsx,Sở Tư pháp Tỉnh Lào Cai,04c,True
Sở Tư pháp Tỉnh Lào Cai_04c_TP_PBGDPL_Kết quả công tác phổ biến giáo dục ph(...).xlsx,Sở Tư pháp Tỉnh Lào Cai,04c,True
Sở Tư pháp Tỉnh Lào Cai_05c_TP_HGCS-TCPL_Kết quả công tác hòa giải ở cơ sở;(...).xlsx,Sở Tư pháp Tỉnh Lào Cai,05c,True
Sở Tư pháp Tỉnh Lào Cai_08b_TP_CNTN_Kết quả đăng ký nuôi con nuôi trong nướ(...) copy.xlsx,Sở Tư pháp Tỉnh Lào Cai,08b,True
Sở Tư pháp Tỉnh Lào Cai_08b_TP_CNTN_Kết quả đăng ký nuôi con nuôi trong nướ(...).xlsx,Sở Tư pháp Tỉnh Lào Cai,08b,True
Sở Tư pháp Tỉnh Lào Cai_09b_TP_CT_Kết quả chứng thực trên địa bàn Tỉnh_Thành phố.xlsx,Sở Tư pháp Tỉnh Lào Cai,09b,True
Sở Tư pháp Tỉnh Lào Cai_11b_TP_LSTN_Số tổ chức và kết quả hoạt động của các(...).xlsx,Sở Tư pháp Tỉnh Lào Cai,11b,True
Sở Tư pháp Tỉnh Lào Cai_15a_TP_TGPL_Số lượt người đã được Trợ giúp pháp lý.xlsx,Sở Tư pháp Tỉnh Lào Cai,15a,True
Sở Tư pháp Tỉnh Lào Cai_15b_TP_TGPL _Số vụ việc Trợ giúp pháp lý (TGPL).xlsx,Sở Tư pháp Tỉnh Lào Cai,15b,True
Sở Tư pháp Tỉnh Lâm Đồng_01b_TP_TĐ_Số DT VBQPPL được thẩm định; số DT VBQPP(...).xlsx,Sở Tư pháp Tỉnh Lâm Đồng,01b,True
Sở Tư pháp Tỉnh Lâm Đồng_01c_TP_BH-TĐG_Số VBQPPL được ban hành; số VBQPPL b(...) copy.xlsx,Sở Tư pháp Tỉnh Lâm Đồng,01c,True
Sở Tư pháp Tỉnh Lâm Đồng_01c_TP_BH-TĐG_Số VBQPPL được ban hành; số VBQPPL b(...).xlsx,Sở Tư pháp Tỉnh Lâm Đồng,01c,True
"Sở Tư pháp Tỉnh Lâm Đồng_02a_TP_KTTTQ_Kết quả kiểm tra, xử lý văn bản theo(...).xlsx",Sở Tư pháp Tỉnh Lâm Đồng,02a,True
Sở Tư pháp Tỉnh Lâm Đồng_05c_TP_HGCS-TCPL_Kết quả công tác hòa giải ở cơ sở(...).xlsx,Sở Tư pháp Tỉnh Lâm Đồng,05c,True
Sở Tư pháp Tỉnh Lâm Đồng_09b_TP_CT_Kết quả chứng thực trên địa bàn Tỉnh_Thà(...) copy.xlsx,Sở Tư pháp Tỉnh Lâm Đồng,09b,True
Sở Tư pháp Tỉnh Lâm Đồng_09b_TP_CT_Kết quả chứng thực trên địa bàn Tỉnh_Thà(...).xlsx,Sở Tư pháp Tỉnh Lâm Đồng,09b,True
Sở Tư pháp Tỉnh Lạng Sơn_01b_TP_TĐ_Số DT VBQPPL được thẩm định; số DT VBQPP(...).xlsx,Sở Tư pháp Tỉnh Lạng Sơn,01b,True
Sở Tư pháp Tỉnh Lạng Sơn_01c_TP_BH-TĐG_Số VBQPPL được ban hành; số VBQPPL b(...).xlsx,Sở Tư pháp Tỉnh Lạng Sơn,01c,True
Sở Tư pháp Tỉnh Lạng Sơn_04c_TP_PBGDPL_Kết quả công tác phổ biến giáo dục p(...) copy.xlsx,Sở Tư pháp Tỉnh Lạng Sơn,04c,True
Sở Tư pháp Tỉnh Lạng Sơn_04c_TP_PBGDPL_Kết quả công tác phổ biến giáo dục p(...).xlsx,Sở Tư pháp Tỉnh Lạng Sơn,04c,True
Sở Tư pháp Tỉnh Lạng Sơn_05c_TP_HGCS-TCPL_Kết quả công tác hòa giải ở cơ sở(...).xlsx,Sở Tư pháp Tỉnh Lạng Sơn,05c,True
Sở Tư pháp Tỉnh Lạng Sơn_11b_TP_LSTN_Số tổ chức và kết quả hoạt động của cá(...) copy.xlsx,Sở Tư pháp Tỉnh Lạng Sơn,11b,True
Sở Tư pháp Tỉnh Lạng Sơn_11b_TP_LSTN_Số tổ chức và kết quả hoạt động của cá(...).xlsx,Sở Tư pháp Tỉnh Lạng Sơn,11b,True
Sở Tư pháp Tỉnh Nghệ An_01c_TP_BH-TĐG_Số VBQPPL được ban hành; số VBQPPL ba(...).xlsx,Sở Tư pháp Tỉnh Nghệ An,01c,True
Sở Tư pháp Tỉnh Nghệ An_04c_TP_PBGDPL_Kết quả công tác phổ biến giáo dục ph(...).xlsx,Sở Tư pháp Tỉnh Nghệ An,04c,True
Sở Tư pháp Tỉnh Nghệ An_09b_TP_CT_Kết quả chứng thực trên địa bàn Tỉnh_Thành phố.xlsx,Sở Tư pháp Tỉnh Nghệ An,09b,True
Sở Tư pháp Tỉnh Nghệ An_11b_TP_LSTN_Số tổ chức và kết quả hoạt động của các(...).xlsx,Sở Tư pháp Tỉnh Nghệ An,11b,True
Sở Tư pháp Tỉnh Nghệ An_21b_TP_HTPLDN_Kết quả triển khai công tác hỗ trợ ph(...).xlsx,Sở Tư pháp Tỉnh Nghệ An,21b,True
Sở Tư pháp Tỉnh Ninh Bình_01b_TP_TĐ_Số DT VBQPPL được thẩm định; số DT VBQP(...).xlsx,Sở Tư pháp Tỉnh Ninh Bình,01b,True
Sở Tư pháp Tỉnh Ninh Bình_01c_TP_BH-TĐG_Số VBQPPL được ban hành; số VBQPPL(...).xlsx,Sở Tư pháp Tỉnh Ninh Bình,01c,True
Sở Tư pháp Tỉnh Ninh Bình_04b_TP_PBGDPL_Kết quả công tác phổ biến giáo dục(...).xlsx,Sở Tư pháp Tỉnh Ninh Bình,04b,True
Sở Tư pháp Tỉnh Ninh Bình_04c_TP_PBGDPL_Kết quả công tác phổ biến giáo dục(...).xlsx,Sở Tư pháp Tỉnh Ninh Bình,04c,True
Sở Tư pháp Tỉnh Ninh Bình_05c_TP_HGCS-TCPL_Kết quả công tác hòa giải ở cơ s(...) copy.xlsx,Sở Tư pháp Tỉnh Ninh Bình,05c,True
Sở Tư pháp Tỉnh Ninh Bình_05c_TP_HGCS-TCPL_Kết quả công tác hòa giải ở cơ s(...).xlsx,Sở Tư pháp Tỉnh Ninh Bình,05c,True
Sở Tư pháp Tỉnh Ninh Bình_09b_TP_CT_Kết quả chứng thực trên địa bàn Tỉnh_Th(...).xlsx,Sở Tư pháp Tỉnh Ninh Bình,09b,True
Sở Tư pháp Tỉnh Ninh Bình_10b_TP_CC_Số tổ chức và kết quả hoạt động công ch(...).xlsx,Sở Tư pháp Tỉnh Ninh Bình,10b,True
Sở Tư pháp Tỉnh Ninh Bình_11b_TP_LSTN_Số tổ chức và kết quả hoạt động của c(...) copy.xlsx,Sở Tư pháp Tỉnh Ninh Bình,11b,True
Sở Tư pháp Tỉnh Ninh Bình_11b_TP_LSTN_Số tổ chức và kết quả hoạt động của c(...).xlsx,Sở Tư pháp Tỉnh Ninh Bình,11b,True
Sở Tư pháp Tỉnh Phú Thọ_01c_TP_BH-TĐG_Số VBQPPL được ban hành; số VBQPPL ba(...) copy.xlsx,Sở Tư pháp Tỉnh Phú Thọ,01c,True
Sở Tư pháp Tỉnh Phú Thọ_01c_TP_BH-TĐG_Số VBQPPL được ban hành; số VBQPPL ba(...).xlsx,Sở Tư pháp Tỉnh Phú Thọ,01c,True
Sở Tư pháp Tỉnh Phú Thọ_04c_TP_PBGDPL_Kết quả công tác phổ biến giáo dục ph(...).xlsx,Sở Tư pháp Tỉnh Phú Thọ,04c,True
Sở Tư pháp Tỉnh Phú Thọ_05c_TP_HGCS-TCPL_Kết quả công tác hòa giải ở cơ sở;(...).xlsx,Sở Tư pháp Tỉnh Phú Thọ,05c,True
Sở Tư pháp Tỉnh Phú Thọ_08b_TP_CNTN_Kết quả đăng ký nuôi con nuôi trong nướ(...).xlsx,Sở Tư pháp Tỉnh Phú Thọ,08b,True
Sở Tư pháp Tỉnh Phú Thọ_09b_TP_CT_Kết quả chứng thực trên địa bàn Tỉnh_Thành phố.xlsx,Sở Tư pháp Tỉnh Phú Thọ,09b,True
Sở Tư pháp Tỉnh Phú Thọ_10b_TP_CC_Số tổ chức và kết quả hoạt động công chứn(...).xlsx,Sở Tư pháp Tỉnh Phú Thọ,10b,True
Sở Tư pháp Tỉnh Phú Thọ_11b_TP_LSTN_Số tổ chức và kết quả hoạt động của các(...).xlsx,Sở Tư pháp Tỉnh Phú Thọ,11b,True
Sở Tư pháp Tỉnh Phú Thọ_21b_TP_HTPLDN_Kết quả triển khai công tác hỗ trợ ph(...).xlsx,Sở Tư pháp Tỉnh Phú Thọ,21b,True
Sở Tư pháp Tỉnh Quảng Ngãi_01b_TP_TĐ_Số DT VBQPPL được thẩm định; số DT VBQ(...).xlsx,Sở Tư pháp Tỉnh Quảng Ngãi,01b,True
Sở Tư pháp Tỉnh Quảng Ngãi_01c_TP_BH-TĐG_Số VBQPPL được ban hành; số VBQPPL(...).xlsx,Sở Tư pháp Tỉnh Quảng Ngãi,01c,True
Sở Tư pháp Tỉnh Quảng Ninh_01b_TP_TĐ_Số DT VBQPPL được thẩm định; số DT VBQ(...).xlsx,Sở Tư pháp Tỉnh Quảng Ninh,01b,True
Sở Tư pháp Tỉnh Quảng Ninh_01c_TP_BH-TĐG_Số VBQPPL được ban hành; số VBQPPL(...).xlsx,Sở Tư pháp Tỉnh Quảng Ninh,01c,True
Sở Tư pháp Tỉnh Quảng Ninh_04c_TP_PBGDPL_Kết quả công tác phổ biến giáo dục(...) copy.xlsx,Sở Tư pháp Tỉnh Quảng Ninh,04c,True
Sở Tư pháp Tỉnh Quảng Ninh_04c_TP_PBGDPL_Kết quả công tác phổ biến giáo dục(...).xlsx,Sở Tư pháp Tỉnh Quảng Ninh,04c,True
Sở Tư pháp Tỉnh Quảng Ninh_05c_TP_HGCS-TCPL_Kết quả công tác hòa giải ở cơ(...) copy.xlsx,Sở Tư pháp Tỉnh Quảng Ninh,05c,True
Sở Tư pháp Tỉnh Quảng Ninh_05c_TP_HGCS-TCPL_Kết quả công tác hòa giải ở cơ(...).xlsx,Sở Tư pháp Tỉnh Quảng Ninh,05c,True
Sở Tư pháp Tỉnh Quảng Ninh_09b_TP_CT_Kết quả chứng thực trên địa bàn Tỉnh_T(...).xlsx,Sở Tư pháp Tỉnh Quảng Ninh,09b,True
Sở Tư pháp Tỉnh Quảng Ninh_10b_TP_CC_Số tổ chức và kết quả hoạt động công c(...).xlsx,Sở Tư pháp Tỉnh Quảng Ninh,10b,True
Sở Tư pháp Tỉnh Quảng Ninh_11b_TP_LSTN_Số tổ chức và kết quả hoạt động của(...) copy.xlsx,Sở Tư pháp Tỉnh Quảng Ninh,11b,True
Sở Tư pháp Tỉnh Quảng Ninh_11b_TP_LSTN_Số tổ chức và kết quả hoạt động của(...).xlsx,Sở Tư pháp Tỉnh Quảng Ninh,11b,True
Sở Tư pháp Tỉnh Quảng Trị_01c_TP_BH-TĐG_Số VBQPPL được ban hành; số VBQPPL(...).xlsx,Sở Tư pháp Tỉnh Quảng Trị,01c,True
Sở Tư pháp Tỉnh Quảng Trị_09b_TP_CT_Kết quả chứng thực trên địa bàn Tỉnh_Th(...) copy.xlsx,Sở Tư pháp Tỉnh Quảng Trị,09b,True
Sở Tư pháp Tỉnh Quảng Trị_09b_TP_CT_Kết quả chứng thực trên địa bàn Tỉnh_Th(...).xlsx,Sở Tư pháp Tỉnh Quảng Trị,09b,True
Sở Tư pháp Tỉnh Sơn La_01c_TP_BH-TĐG_Số VBQPPL được ban hành; số VBQPPL ban(...).xlsx,Sở Tư pháp Tỉnh Sơn La,01c,True
Sở Tư pháp Tỉnh Sơn La_04c_TP_PBGDPL_Kết quả công tác phổ biến giáo dục phá(...) copy.xlsx,Sở Tư pháp Tỉnh Sơn La,04c,True
Sở Tư pháp Tỉnh Sơn La_04c_TP_PBGDPL_Kết quả công tác phổ biến giáo dục phá(...).xlsx,Sở Tư pháp Tỉnh Sơn La,04c,True
Sở Tư pháp Tỉnh Thanh Hóa_01b_TP_TĐ_Số DT VBQPPL được thẩm định; số DT VBQP(...).xlsx,Sở Tư pháp Tỉnh Thanh Hóa,01b,True
Sở Tư pháp Tỉnh Thanh Hóa_01c_TP_BH-TĐG_Số VBQPPL được ban hành; số VBQPPL(...) copy.xlsx,Sở Tư pháp Tỉnh Thanh Hóa,01c,True
Sở Tư pháp Tỉnh Thanh Hóa_01c_TP_BH-TĐG_Số VBQPPL được ban hành; số VBQPPL(...).xlsx,Sở Tư pháp Tỉnh Thanh Hóa,01c,True
Sở Tư pháp Tỉnh Thanh Hóa_04c_TP_PBGDPL_Kết quả công tác phổ biến giáo dục(...) copy.xlsx,Sở Tư pháp Tỉnh Thanh Hóa,04c,True
Sở Tư pháp Tỉnh Thanh Hóa_04c_TP_PBGDPL_Kết quả công tác phổ biến giáo dục(...).xlsx,Sở Tư pháp Tỉnh Thanh Hóa,04c,True
Sở Tư pháp Tỉnh Thanh Hóa_05c_TP_HGCS-TCPL_Kết quả công tác hòa giải ở cơ s(...).xlsx,Sở Tư pháp Tỉnh Thanh Hóa,05c,True
Sở Tư pháp Tỉnh Thanh Hóa_09b_TP_CT_Kết quả chứng thực trên địa bàn Tỉnh_Th(...).xlsx,Sở Tư pháp Tỉnh Thanh Hóa,09b,True
Sở Tư pháp Tỉnh Thanh Hóa_10b_TP_CC_Số tổ chức và kết quả hoạt động công ch(...).xlsx,Sở Tư pháp Tỉnh Thanh Hóa,10b,True
Sở Tư pháp Tỉnh Thanh Hóa_11b_TP_LSTN_Số tổ chức và kết quả hoạt động của c(...).xlsx,Sở Tư pháp Tỉnh Thanh Hóa,11b,True
Sở Tư pháp Tỉnh Thái Nguyên_01c_TP_BH-TĐG_Số VBQPPL được ban hành; số VBQPP(...).xlsx,Sở Tư pháp Tỉnh Thái Nguyên,01c,True
Sở Tư pháp Tỉnh Thái Nguyên_08b_TP_CNTN_Kết quả đăng ký nuôi con nuôi trong(...).xlsx,Sở Tư pháp Tỉnh Thái Nguyên,08b,True
Sở Tư pháp Tỉnh Thái Nguyên_09b_TP_CT_Kết quả chứng thực trên địa bàn Tỉnh_(...).xlsx,Sở Tư pháp Tỉnh Thái Nguyên,09b,True
Sở Tư pháp Tỉnh Thái Nguyên_10b_TP_CC_Số tổ chức và kết quả hoạt động công(...).xlsx,Sở Tư pháp Tỉnh Thái Nguyên,10b,True
Sở Tư pháp Tỉnh Thái Nguyên_11b_TP_LSTN_Số tổ chức và kết quả hoạt động của(...) copy.xlsx,Sở Tư pháp Tỉnh Thái Nguyên,11b,True
Sở Tư pháp Tỉnh Thái Nguyên_11b_TP_LSTN_Số tổ chức và kết quả hoạt động của(...).xlsx,Sở Tư pháp Tỉnh Thái Nguyên,11b,True
Sở Tư pháp Tỉnh Tuyên Quang_01b_TP_TĐ_Số DT VBQPPL được thẩm định; số DT VB(...).xlsx,Sở Tư pháp Tỉnh Tuyên Quang,01b,True
Sở Tư pháp Tỉnh Tuyên Quang_01c_TP_BH-TĐG_Số VBQPPL được ban hành; số VBQPP(...) copy.xlsx,Sở Tư pháp Tỉnh Tuyên Quang,01c,True
Sở Tư pháp Tỉnh Tuyên Quang_01c_TP_BH-TĐG_Số VBQPPL được ban hành; số VBQPP(...).xlsx,Sở Tư pháp Tỉnh Tuyên Quang,01c,True
"Sở Tư pháp Tỉnh Tuyên Quang_02a_TP_KTTTQ_Kết quả kiểm tra, xử lý văn bản th(...).xlsx",Sở Tư pháp Tỉnh Tuyên Quang,02a,True
Sở Tư pháp Tỉnh Tuyên Quang_04c_TP_PBGDPL_Kết quả công tác phổ biến giáo dụ(...).xlsx,Sở Tư pháp Tỉnh Tuyên Quang,04c,True
Sở Tư pháp Tỉnh Tuyên Quang_05c_TP_HGCS-TCPL_Kết quả công tác hòa giải ở cơ(...) copy.xlsx,Sở Tư pháp Tỉnh Tuyên Quang,05c,True
Sở Tư pháp Tỉnh Tuyên Quang_05c_TP_HGCS-TCPL_Kết quả công tác hòa giải ở cơ(...).xlsx,Sở Tư pháp Tỉnh Tuyên Quang,05c,True
Sở Tư pháp Tỉnh Tuyên Quang_08b_TP_CNTN_Kết quả đăng ký nuôi con nuôi trong(...).xlsx,Sở Tư pháp Tỉnh Tuyên Quang,08b,True
Sở Tư pháp Tỉnh Tuyên Quang_08c_TP_CNNN_Kết quả giải quyết cho trẻ em Việt(...).xlsx,Sở Tư pháp Tỉnh Tuyên Quang,08c,True
Sở Tư pháp Tỉnh Tuyên Quang_09b_TP_CT_Kết quả chứng thực trên địa bàn Tỉnh_(...).xlsx,Sở Tư pháp Tỉnh Tuyên Quang,09b,True
Sở Tư pháp Tỉnh Tuyên Quang_10b_TP_CC_Số tổ chức và kết quả hoạt động công(...).xlsx,Sở Tư pháp Tỉnh Tuyên Quang,10b,True
Sở Tư pháp Tỉnh Tuyên Quang_11b_TP_LSTN_Số tổ chức và kết quả hoạt động của(...).xlsx,Sở Tư pháp Tỉnh Tuyên Quang,11b,True
Sở Tư pháp Tỉnh Tuyên Quang_11c_TP_LSTN_Kết quả hoạt động cấp Chứng chỉ hàn(...) (2).xlsx,Sở Tư pháp Tỉnh Tuyên Quang,11c,True
Sở Tư pháp Tỉnh Tuyên Quang_11c_TP_LSTN_Kết quả hoạt động cấp Chứng chỉ hàn(...).xlsx,Sở Tư pháp Tỉnh Tuyên Quang,11c,True
Sở Tư pháp Tỉnh Tuyên Quang_15a_TP_TGPL_Số lượt người đã được Trợ giúp pháp lý.xlsx,Sở Tư pháp Tỉnh Tuyên Quang,15a,True
Sở Tư pháp Tỉnh Tuyên Quang_15b_TP_TGPL _Số vụ việc Trợ giúp pháp lý (TGPL).xlsx,Sở Tư pháp Tỉnh Tuyên Quang,15b,True
Sở Tư pháp Tỉnh Tuyên Quang_21b_TP_HTPLDN_Kết quả triển khai công tác hỗ tr(...).xlsx,Sở Tư pháp Tỉnh Tuyên Quang,21b,True
Sở Tư pháp Tỉnh Tây Ninh_01c_TP_BH-TĐG_Số VBQPPL được ban hành; số VBQPPL b(...) copy.xlsx,Sở Tư pháp Tỉnh Tây Ninh,01c,True
Sở Tư pháp Tỉnh Tây Ninh_01c_TP_BH-TĐG_Số VBQPPL được ban hành; số VBQPPL b(...).xlsx,Sở Tư pháp Tỉnh Tây Ninh,01c,True
Sở Tư pháp Tỉnh Tây Ninh_05c_TP_HGCS-TCPL_Kết quả công tác hòa giải ở cơ sở(...).xlsx,Sở Tư pháp Tỉnh Tây Ninh,05c,True
Sở Tư pháp Tỉnh Tây Ninh_09b_TP_CT_Kết quả chứng thực trên địa bàn Tỉnh_Thà(...).xlsx,Sở Tư pháp Tỉnh Tây Ninh,09b,True
Sở Tư pháp Tỉnh Tây Ninh_10b_TP_CC_Số tổ chức và kết quả hoạt động công chứ(...).xlsx,Sở Tư pháp Tỉnh Tây Ninh,10b,True
Sở Tư pháp Tỉnh Vĩnh Long_01b_TP_TĐ_Số DT VBQPPL được thẩm định; số DT VBQP(...) copy.xlsx,Sở Tư pháp Tỉnh Vĩnh Long,01b,True
Sở Tư pháp Tỉnh Vĩnh Long_01b_TP_TĐ_Số DT VBQPPL được thẩm định; số DT VBQP(...).xlsx,Sở Tư pháp Tỉnh Vĩnh Long,01b,True
Sở Tư pháp Tỉnh Vĩnh Long_01c_TP_BH-TĐG_Số VBQPPL được ban hành; số VBQPPL(...) copy.xlsx,Sở Tư pháp Tỉnh Vĩnh Long,01c,True
Sở Tư pháp Tỉnh Vĩnh Long_01c_TP_BH-TĐG_Số VBQPPL được ban hành; số VBQPPL(...).xlsx,Sở Tư pháp Tỉnh Vĩnh Long,01c,True
Sở Tư pháp Tỉnh Vĩnh Long_04c_TP_PBGDPL_Kết quả công tác phổ biến giáo dục(...).xlsx,Sở Tư pháp Tỉnh Vĩnh Long,04c,True
Sở Tư pháp Tỉnh Vĩnh Long_05c_TP_HGCS-TCPL_Kết quả công tác hòa giải ở cơ s(...).xlsx,Sở Tư pháp Tỉnh Vĩnh Long,05c,True
Sở Tư pháp Tỉnh Điện Biên_01b_TP_TĐ_Số DT VBQPPL được thẩm định; số DT VBQP(...).xlsx,Sở Tư pháp Tỉnh Điện Biên,01b,True
Sở Tư pháp Tỉnh Điện Biên_01c_TP_BH-TĐG_Số VBQPPL được ban hành; số VBQPPL(...).xlsx,Sở Tư pháp Tỉnh Điện Biên,01c,True
Sở Tư pháp Tỉnh Điện Biên_09b_TP_CT_Kết quả chứng thực trên địa bàn Tỉnh_Th(...) copy.xlsx,Sở Tư pháp Tỉnh Điện Biên,09b,True
Sở Tư pháp Tỉnh Điện Biên_09b_TP_CT_Kết quả chứng thực trên địa bàn Tỉnh_Th(...).xlsx,Sở Tư pháp Tỉnh Điện Biên,09b,True
Sở Tư pháp Tỉnh Điện Biên_11b_TP_LSTN_Số tổ chức và kết quả hoạt động của c(...) copy.xlsx,Sở Tư pháp Tỉnh Điện Biên,11b,True
Sở Tư pháp Tỉnh Điện Biên_11b_TP_LSTN_Số tổ chức và kết quả hoạt động của c(...).xlsx,Sở Tư pháp Tỉnh Điện Biên,11b,True
Sở Tư pháp Tỉnh Đắk Lắk_01b_TP_TĐ_Số DT VBQPPL được thẩm định; số DT VBQPPL(...).xlsx,Sở Tư pháp Tỉnh Đắk Lắk,01b,True
Sở Tư pháp Tỉnh Đắk Lắk_01c_TP_BH-TĐG_Số VBQPPL được ban hành; số VBQPPL ba(...) copy.xlsx,Sở Tư pháp Tỉnh Đắk Lắk,01c,True
Sở Tư pháp Tỉnh Đắk Lắk_01c_TP_BH-TĐG_Số VBQPPL được ban hành; số VBQPPL ba(...).xlsx,Sở Tư pháp Tỉnh Đắk Lắk,01c,True
"Sở Tư pháp Tỉnh Đắk Lắk_02a_TP_KTTTQ_Kết quả kiểm tra, xử lý văn bản theo t(...).xlsx",Sở Tư pháp Tỉnh Đắk Lắk,02a,True
Sở Tư pháp Tỉnh Đắk Lắk_04c_TP_PBGDPL_Kết quả công tác phổ biến giáo dục ph(...).xlsx,Sở Tư pháp Tỉnh Đắk Lắk,04c,True
Sở Tư pháp Tỉnh Đắk Lắk_05c_TP_HGCS-TCPL_Kết quả công tác hòa giải ở cơ sở;(...).xlsx,Sở Tư pháp Tỉnh Đắk Lắk,05c,True
Sở Tư pháp Tỉnh Đắk Lắk_08b_TP_CNTN_Kết quả đăng ký nuôi con nuôi trong nướ(...).xlsx,Sở Tư pháp Tỉnh Đắk Lắk,08b,True
Sở Tư pháp Tỉnh Đắk Lắk_08c_TP_CNNN_Kết quả giải quyết cho trẻ em Việt Nam(...).xlsx,Sở Tư pháp Tỉnh Đắk Lắk,08c,True
Sở Tư pháp Tỉnh Đắk Lắk_09b_TP_CT_Kết quả chứng thực trên địa bàn Tỉnh_Thành phố.xlsx,Sở Tư pháp Tỉnh Đắk Lắk,09b,True
Sở Tư pháp Tỉnh Đắk Lắk_10b_TP_CC_Số tổ chức và kết quả hoạt động công chứn(...).xlsx,Sở Tư pháp Tỉnh Đắk Lắk,10b,True
Sở Tư pháp Tỉnh Đắk Lắk_11b_TP_LSTN_Số tổ chức và kết quả hoạt động của các(...).xlsx,Sở Tư pháp Tỉnh Đắk Lắk,11b,True
Sở Tư pháp Tỉnh Đắk Lắk_11c_TP_LSTN_Kết quả hoạt động cấp Chứng chỉ hành ng(...).xlsx,Sở Tư pháp Tỉnh Đắk Lắk,11c,True
Sở Tư pháp Tỉnh Đắk Lắk_21b_TP_HTPLDN_Kết quả triển khai công tác hỗ trợ ph(...).xlsx,Sở Tư pháp Tỉnh Đắk Lắk,21b,True
Sở Tư pháp Tỉnh Đồng Tháp_01b_TP_TĐ_Số DT VBQPPL được thẩm định; số DT VBQP(...) copy.xlsx,Sở Tư pháp Tỉnh Đồng Tháp,01b,True
Sở Tư pháp Tỉnh Đồng Tháp_01b_TP_TĐ_Số DT VBQPPL được thẩm định; số DT VBQP(...).xlsx,Sở Tư pháp Tỉnh Đồng Tháp,01b,True
Sở Tư pháp Tỉnh Đồng Tháp_01c_TP_BH-TĐG_Số VBQPPL được ban hành; số VBQPPL(...).xlsx,Sở Tư pháp Tỉnh Đồng Tháp,01c,True
Sở Tư pháp Tỉnh Đồng Tháp_05c_TP_HGCS-TCPL_Kết quả công tác hòa giải ở cơ s(...).xlsx,Sở Tư pháp Tỉnh Đồng Tháp,05c,True
Sở Tư pháp Tỉnh Đồng Tháp_10b_TP_CC_Số tổ chức và kết quả hoạt động công ch(...) copy.xlsx,Sở Tư pháp Tỉnh Đồng Tháp,10b,True
Sở Tư pháp Tỉnh Đồng Tháp_10b_TP_CC_Số tổ chức và kết quả hoạt động công ch(...).xlsx,Sở Tư pháp Tỉnh Đồng Tháp,10b,True
"Thanh tra Chính phủ_01d_TP_TĐ-BH-TĐG_Số DT VBQPPL, số TTHC tại DT VBQPPL củ(...).xlsx",Thanh tra Chính phủ,01d,True
"Thanh tra Chính phủ_02b_TP_KTTTQ_Kết quả kiểm tra, xử lý văn bản theo thẩm(...).xlsx",Thanh tra Chính phủ,02b,True
"Trường Đại học Luật Hà Nội._01e_TP_TĐ-BH-TĐG_Số văn bản chính sách, DT VBQP(...).xlsx",Trường Đại học Luật Hà Nội.,01e,True
Trường Đại học Luật Hà Nội._04d_TP_PBGDPL_Kết quả công tác phổ biến giáo dụ(...).xlsx,Trường Đại học Luật Hà Nội.,04d,True
UBND Phường An Bình_09a_TP_CT_Kết quả chứng thực tại Ủy ban nhân dân (UBND)(...) copy.xlsx,UBND Phường An Bình,09a,True
UBND Phường An Bình_09a_TP_CT_Kết quả chứng thực tại Ủy ban nhân dân (UBND)(...).xlsx,UBND Phường An Bình,09a,True
UBND Phường An Hội Tây_05b_TP_HGCS_Kết quả công tác hòa giải ở cơ sở trên đ(...) copy.xlsx,UBND Phường An Hội Tây,05b,True
UBND Phường An Hội Tây_05b_TP_HGCS_Kết quả công tác hòa giải ở cơ sở trên đ(...).xlsx,UBND Phường An Hội Tây,05b,True
UBND Phường An Hội Đông_05b_TP_HGCS_Kết quả công tác hòa giải ở cơ sở trên(...) copy.xlsx,UBND Phường An Hội Đông,05b,True
UBND Phường An Hội Đông_05b_TP_HGCS_Kết quả công tác hòa giải ở cơ sở trên(...).xlsx,UBND Phường An Hội Đông,05b,True
UBND Phường An Khê_09a_TP_CT_Kết quả chứng thực tại Ủy ban nhân dân (UBND)(...).xlsx,UBND Phường An Khê,09a,True
UBND Phường An Nhơn Bắc_05b_TP_HGCS_Kết quả công tác hòa giải ở cơ sở trên(...) copy.xlsx,UBND Phường An Nhơn Bắc,05b,True
UBND Phường An Nhơn Bắc_05b_TP_HGCS_Kết quả công tác hòa giải ở cơ sở trên(...).xlsx,UBND Phường An Nhơn Bắc,05b,True
UBND Phường An Nhơn Bắc_09a_TP_CT_Kết quả chứng thực tại Ủy ban nhân dân (U(...) copy.xlsx,UBND Phường An Nhơn Bắc,09a,True
UBND Phường An Nhơn Bắc_09a_TP_CT_Kết quả chứng thực tại Ủy ban nhân dân (U(...).xlsx,UBND Phường An Nhơn Bắc,09a,True
UBND Phường An Nhơn Nam_09a_TP_CT_Kết quả chứng thực tại Ủy ban nhân dân (U(...) copy.xlsx,UBND Phường An Nhơn Nam,09a,True
UBND Phường An Nhơn Nam_09a_TP_CT_Kết quả chứng thực tại Ủy ban nhân dân (U(...).xlsx,UBND Phường An Nhơn Nam,09a,True
UBND Phường An Nhơn Đông_09a_TP_CT_Kết quả chứng thực tại Ủy ban nhân dân ((...) copy.xlsx,UBND Phường An Nhơn Đông,09a,True
UBND Phường An Nhơn Đông_09a_TP_CT_Kết quả chứng thực tại Ủy ban nhân dân ((...).xlsx,UBND Phường An Nhơn Đông,09a,True
UBND Phường An Nhơn_09a_TP_CT_Kết quả chứng thực tại Ủy ban nhân dân (UBND)(...).xlsx,UBND Phường An Nhơn,09a,True
UBND Phường An Phú_09a_TP_CT_Kết quả chứng thực tại Ủy ban nhân dân (UBND)(...) copy.xlsx,UBND Phường An Phú,09a,True
UBND Phường An Phú_09a_TP_CT_Kết quả chứng thực tại Ủy ban nhân dân (UBND)(...).xlsx,UBND Phường An Phú,09a,True
UBND Phường B'Lao_09a_TP_CT_Kết quả chứng thực tại Ủy ban nhân dân (UBND) cấp xã copy.xlsx,UBND Phường B'Lao,09a,True
UBND Phường B'Lao_09a_TP_CT_Kết quả chứng thực tại Ủy ban nhân dân (UBND) cấp xã.xlsx,UBND Phường B'Lao,09a,True
UBND Phường Ba Đình_05b_TP_HGCS_Kết quả công tác hòa giải ở cơ sở trên địa(...).xlsx,UBND Phường Ba Đình,05b,True
UBND Phường Ba Đình_09a_TP_CT_Kết quả chứng thực tại Ủy ban nhân dân (UBND)(...) copy.xlsx,UBND Phường Ba Đình,09a,True
UBND Phường Ba Đình_09a_TP_CT_Kết quả chứng thực tại Ủy ban nhân dân (UBND)(...).xlsx,UBND Phường Ba Đình,09a,True
UBND Phường Buôn Ma Thuột_05b_TP_HGCS_Kết quả công tác hòa giải ở cơ sở trê(...) copy.xlsx,UBND Phường Buôn Ma Thuột,05b,True
UBND Phường Buôn Ma Thuột_05b_TP_HGCS_Kết quả công tác hòa giải ở cơ sở trê(...).xlsx,UBND Phường Buôn Ma Thuột,05b,True
UBND Phường Bá Xuyên_09a_TP_CT_Kết quả chứng thực tại Ủy ban nhân dân (UBND(...).xlsx,UBND Phường Bá Xuyên,09a,True
UBND Phường Bình Định_09a_TP_CT_Kết quả chứng thực tại Ủy ban nhân dân (UBN(...) copy.xlsx,UBND Phường Bình Định,09a,True
UBND Phường Bình Định_09a_TP_CT_Kết quả chứng thực tại Ủy ban nhân dân (UBN(...).xlsx,UBND Phường Bình Định,09a,True
UBND Phường Bạc Liêu_09a_TP_CT_Kết quả chứng thực tại Ủy ban nhân dân (UBND(...) copy.xlsx,UBND Phường Bạc Liêu,09a,True
UBND Phường Bạc Liêu_09a_TP_CT_Kết quả chứng thực tại Ủy ban nhân dân (UBND(...).xlsx,UBND Phường Bạc Liêu,09a,True
UBND Phường Bắc An Phụ_09a_TP_CT_Kết quả chứng thực tại Ủy ban nhân dân (UB(...).xlsx,UBND Phường Bắc An Phụ,09a,True
UBND Phường Bắc Giang_09a_TP_CT_Kết quả chứng thực tại Ủy ban nhân dân (UBN(...).xlsx,UBND Phường Bắc Giang,09a,True
UBND Phường Cam Đường_05b_TP_HGCS_Kết quả công tác hòa giải ở cơ sở trên đị(...) copy.xlsx,UBND Phường Cam Đường,05b,True
UBND Phường Cam Đường_05b_TP_HGCS_Kết quả công tác hòa giải ở cơ sở trên đị(...).xlsx,UBND Phường Cam Đường,05b,True
UBND Phường Cao Xanh_09a_TP_CT_Kết quả chứng thực tại Ủy ban nhân dân (UBND(...).xlsx,UBND Phường Cao Xanh,09a,True
UBND Phường Chu Văn An_04a_TP_PBGDPL_Kết quả công tác phổ biến giáo dục phá(...).xlsx,UBND Phường Chu Văn An,04a,True
UBND Phường Chu Văn An_09a_TP_CT_Kết quả chứng thực tại Ủy ban nhân dân (UB(...).xlsx,UBND Phường Chu Văn An,09a,True
UBND Phường Châu Sơn_09a_TP_CT_Kết quả chứng thực tại Ủy ban nhân dân (UBND(...).xlsx,UBND Phường Châu Sơn,09a,True
UBND Phường Chí Linh_09a_TP_CT_Kết quả chứng thực tại Ủy ban nhân dân (UBND(...).xlsx,UBND Phường Chí Linh,09a,True
UBND Phường Chũ_09a_TP_CT_Kết quả chứng thực tại Ủy ban nhân dân (UBND) cấp xã.xlsx,UBND Phường Chũ,09a,True
UBND Phường Chương Mỹ_09a_TP_CT_Kết quả chứng thực tại Ủy ban nhân dân (UBN(...) copy.xlsx,UBND Phường Chương Mỹ,09a,True
UBND Phường Chương Mỹ_09a_TP_CT_Kết quả chứng thực tại Ủy ban nhân dân (UBN(...).xlsx,UBND Phường Chương Mỹ,09a,True
UBND Phường Cửa Nam_01a_TP_TĐ-BH_Số dự thảo (DT) văn bản quy phạm pháp luật(...).xlsx,UBND Phường Cửa Nam,01a,True
UBND Phường Cửa Nam_05b_TP_HGCS_Kết quả công tác hòa giải ở cơ sở trên địa(...).xlsx,UBND Phường Cửa Nam,05b,True
UBND Phường Cửa Nam_09a_TP_CT_Kết quả chứng thực tại Ủy ban nhân dân (UBND)(...).xlsx,UBND Phường Cửa Nam,09a,True
UBND Phường Diên Hồng_09a_TP_CT_Kết quả chứng thực tại Ủy ban nhân dân (UBN(...) copy.xlsx,UBND Phường Diên Hồng,09a,True
UBND Phường Diên Hồng_09a_TP_CT_Kết quả chứng thực tại Ủy ban nhân dân (UBN(...).xlsx,UBND Phường Diên Hồng,09a,True
UBND Phường Dương Kinh_04a_TP_PBGDPL_Kết quả công tác phổ biến giáo dục phá(...).xlsx,UBND Phường Dương Kinh,04a,True
UBND Phường Giá Rai_09a_TP_CT_Kết quả chứng thực tại Ủy ban nhân dân (UBND)(...) copy.xlsx,UBND Phường Giá Rai,09a,True
UBND Phường Giá Rai_09a_TP_CT_Kết quả chứng thực tại Ủy ban nhân dân (UBND)(...).xlsx,UBND Phường Giá Rai,09a,True
UBND Phường Giảng Võ_05b_TP_HGCS_Kết quả công tác hòa giải ở cơ sở trên địa(...).xlsx,UBND Phường Giảng Võ,05b,True
UBND Phường Hiệp Thành_09a_TP_CT_Kết quả chứng thực tại Ủy ban nhân dân (UB(...) copy.xlsx,UBND Phường Hiệp Thành,09a,True
UBND Phường Hiệp Thành_09a_TP_CT_Kết quả chứng thực tại Ủy ban nhân dân (UB(...).xlsx,UBND Phường Hiệp Thành,09a,True
UBND Phường Hoài Nhơn Bắc_09a_TP_CT_Kết quả chứng thực tại Ủy ban nhân dân(...) copy.xlsx,UBND Phường Hoài Nhơn Bắc,09a,True
UBND Phường Hoài Nhơn Bắc_09a_TP_CT_Kết quả chứng thực tại Ủy ban nhân dân(...).xlsx,UBND Phường Hoài Nhơn Bắc,09a,True
UBND Phường Hoài Nhơn Tây_09a_TP_CT_Kết quả chứng thực tại Ủy ban nhân dân(...) copy.xlsx,UBND Phường Hoài Nhơn Tây,09a,True
UBND Phường Hoài Nhơn Tây_09a_TP_CT_Kết quả chứng thực tại Ủy ban nhân dân(...).xlsx,UBND Phường Hoài Nhơn Tây,09a,True
UBND Phường Hoài Nhơn Đông_09a_TP_CT_Kết quả chứng thực tại Ủy ban nhân dân(...) copy.xlsx,UBND Phường Hoài Nhơn Đông,09a,True
UBND Phường Hoài Nhơn Đông_09a_TP_CT_Kết quả chứng thực tại Ủy ban nhân dân(...).xlsx,UBND Phường Hoài Nhơn Đông,09a,True
UBND Phường Hoàn Kiếm_05b_TP_HGCS_Kết quả công tác hòa giải ở cơ sở trên đị(...).xlsx,UBND Phường Hoàn Kiếm,05b,True
UBND Phường Hoàng Liệt_09a_TP_CT_Kết quả chứng thực tại Ủy ban nhân dân (UB(...).xlsx,UBND Phường Hoàng Liệt,09a,True
UBND Phường Hoành BồUBND Phường Hoành BồUBND Phường Hoành BồUBND Phường Hoà(...).xlsx,UBND Phường Hoành BồUBND Phường Hoành BồUBND Phường Hoành BồUBND Phường Hoà(...),,False
UBND Phường Hà Lầm_09a_TP_CT_Kết quả chứng thực tại Ủy ban nhân dân (UBND)(...).xlsx,UBND Phường Hà Lầm,09a,True
UBND Phường Hà Nam_09a_TP_CT_Kết quả chứng thực tại Ủy ban nhân dân (UBND)(...).xlsx,UBND Phường Hà Nam,09a,True
UBND Phường Hà Tiên_09a_TP_CT_Kết quả chứng thực tại Ủy ban nhân dân (UBND)(...).xlsx,UBND Phường Hà Tiên,09a,True
UBND Phường Hòa Bình_05b_TP_HGCS_Kết quả công tác hòa giải ở cơ sở trên địa(...).xlsx,UBND Phường Hòa Bình,05b,True
UBND Phường Hòa Thành_09a_TP_CT_Kết quả chứng thực tại Ủy ban nhân dân (UBN(...) copy.xlsx,UBND Phường Hòa Thành,09a,True
UBND Phường Hòa Thành_09a_TP_CT_Kết quả chứng thực tại Ủy ban nhân dân (UBN(...).xlsx,UBND Phường Hòa Thành,09a,True
UBND Phường Hưng Phú_09a_TP_CT_Kết quả chứng thực tại Ủy ban nhân dân (UBND(...).xlsx,UBND Phường Hưng Phú,09a,True
UBND Phường Hạc Thành_09a_TP_CT_Kết quả chứng thực tại Ủy ban nhân dân (UBN(...).xlsx,UBND Phường Hạc Thành,09a,True
UBND Phường Hạp Lĩnh_09a_TP_CT_Kết quả chứng thực tại Ủy ban nhân dân (UBND(...) copy.xlsx,UBND Phường Hạp Lĩnh,09a,True
UBND Phường Hạp Lĩnh_09a_TP_CT_Kết quả chứng thực tại Ủy ban nhân dân (UBND(...).xlsx,UBND Phường Hạp Lĩnh,09a,True
UBND Phường Hải Dương_09a_TP_CT_Kết quả chứng thực tại Ủy ban nhân dân (UBN(...).xlsx,UBND Phường Hải Dương,09a,True
UBND Phường Hải Lĩnh_09a_TP_CT_Kết quả chứng thực tại Ủy ban nhân dân (UBND(...) copy.xlsx,UBND Phường Hải Lĩnh,09a,True
UBND Phường Hải Lĩnh_09a_TP_CT_Kết quả chứng thực tại Ủy ban nhân dân (UBND(...).xlsx,UBND Phường Hải Lĩnh,09a,True
UBND Phường Hồng Hà_09a_TP_CT_Kết quả chứng thực tại Ủy ban nhân dân (UBND)(...).xlsx,UBND Phường Hồng Hà,09a,True
UBND Phường Hồng Quang_05b_TP_HGCS_Kết quả công tác hòa giải ở cơ sở trên đ(...).xlsx,UBND Phường Hồng Quang,05b,True
UBND Phường Khương Đình_09a_TP_CT_Kết quả chứng thực tại Ủy ban nhân dân (U(...) copy.xlsx,UBND Phường Khương Đình,09a,True
UBND Phường Khương Đình_09a_TP_CT_Kết quả chứng thực tại Ủy ban nhân dân (U(...).xlsx,UBND Phường Khương Đình,09a,True
UBND Phường Kim Liên_09a_TP_CT_Kết quả chứng thực tại Ủy ban nhân dân (UBND(...).xlsx,UBND Phường Kim Liên,09a,True
UBND Phường Kỳ Sơn_09a_TP_CT_Kết quả chứng thực tại Ủy ban nhân dân (UBND)(...).xlsx,UBND Phường Kỳ Sơn,09a,True
UBND Phường La Gi_05b_TP_HGCS_Kết quả công tác hòa giải ở cơ sở trên địa bà(...) copy.xlsx,UBND Phường La Gi,05b,True
UBND Phường La Gi_05b_TP_HGCS_Kết quả công tác hòa giải ở cơ sở trên địa bà(...).xlsx,UBND Phường La Gi,05b,True
UBND Phường Long Phú_09a_TP_CT_Kết quả chứng thực tại Ủy ban nhân dân (UBND(...).xlsx,UBND Phường Long Phú,09a,True
UBND Phường Lào Cai_09a_TP_CT_Kết quả chứng thực tại Ủy ban nhân dân (UBND)(...).xlsx,UBND Phường Lào Cai,09a,True
UBND Phường Láng Tròn_09a_TP_CT_Kết quả chứng thực tại Ủy ban nhân dân (UBN(...) copy.xlsx,UBND Phường Láng Tròn,09a,True
UBND Phường Láng Tròn_09a_TP_CT_Kết quả chứng thực tại Ủy ban nhân dân (UBN(...).xlsx,UBND Phường Láng Tròn,09a,True
UBND Phường Láng_09a_TP_CT_Kết quả chứng thực tại Ủy ban nhân dân (UBND) cấp xã.xlsx,UBND Phường Láng,09a,True
UBND Phường Lê Hồ_09a_TP_CT_Kết quả chứng thực tại Ủy ban nhân dân (UBND) cấp xã.xlsx,UBND Phường Lê Hồ,09a,True
UBND Phường Lê Thanh Nghị_09a_TP_CT_Kết quả chứng thực tại Ủy ban nhân dân(...).xlsx,UBND Phường Lê Thanh Nghị,09a,True
UBND Phường Lĩnh Nam_09a_TP_CT_Kết quả chứng thực tại Ủy ban nhân dân (UBND(...) copy.xlsx,UBND Phường Lĩnh Nam,09a,True
UBND Phường Lĩnh Nam_09a_TP_CT_Kết quả chứng thực tại Ủy ban nhân dân (UBND(...).xlsx,UBND Phường Lĩnh Nam,09a,True
UBND Phường Lương Văn Tri_09a_TP_CT_Kết quả chứng thực tại Ủy ban nhân dân(...).xlsx,UBND Phường Lương Văn Tri,09a,True
UBND Phường Minh Hưng_09a_TP_CT_Kết quả chứng thực tại Ủy ban nhân dân (UBN(...) copy.xlsx,UBND Phường Minh Hưng,09a,True
UBND Phường Minh Hưng_09a_TP_CT_Kết quả chứng thực tại Ủy ban nhân dân (UBN(...).xlsx,UBND Phường Minh Hưng,09a,True
UBND Phường Mỹ Hào_04a_TP_PBGDPL_Kết quả công tác phổ biến giáo dục pháp lu(...) copy.xlsx,UBND Phường Mỹ Hào,04a,True
UBND Phường Mỹ Hào_04a_TP_PBGDPL_Kết quả công tác phổ biến giáo dục pháp lu(...).xlsx,UBND Phường Mỹ Hào,04a,True
UBND Phường Mỹ Tho_09a_TP_CT_Kết quả chứng thực tại Ủy ban nhân dân (UBND)(...).xlsx,UBND Phường Mỹ Tho,09a,True
UBND Phường Nam Hoa Lư_09a_TP_CT_Kết quả chứng thực tại Ủy ban nhân dân (UB(...).xlsx,UBND Phường Nam Hoa Lư,09a,True
UBND Phường Nam Sơn_09a_TP_CT_Kết quả chứng thực tại Ủy ban nhân dân (UBND)(...) copy.xlsx,UBND Phường Nam Sơn,09a,True
UBND Phường Nam Sơn_09a_TP_CT_Kết quả chứng thực tại Ủy ban nhân dân (UBND)(...).xlsx,UBND Phường Nam Sơn,09a,True
UBND Phường Nguyệt Viên_09a_TP_CT_Kết quả chứng thực tại Ủy ban nhân dân (U(...).xlsx,UBND Phường Nguyệt Viên,09a,True
UBND Phường Ngã Năm_09a_TP_CT_Kết quả chứng thực tại Ủy ban nhân dân (UBND)(...).xlsx,UBND Phường Ngã Năm,09a,True
UBND Phường Ngô Quyền_09a_TP_CT_Kết quả chứng thực tại Ủy ban nhân dân (UBN(...).xlsx,UBND Phường Ngô Quyền,09a,True
UBND Phường Ngọc Hà_05b_TP_HGCS_Kết quả công tác hòa giải ở cơ sở trên địa(...).xlsx,UBND Phường Ngọc Hà,05b,True
UBND Phường Nùng Trí Cao_09a_TP_CT_Kết quả chứng thực tại Ủy ban nhân dân ((...) copy.xlsx,UBND Phường Nùng Trí Cao,09a,True
UBND Phường Nùng Trí Cao_09a_TP_CT_Kết quả chứng thực tại Ủy ban nhân dân ((...).xlsx,UBND Phường Nùng Trí Cao,09a,True
UBND Phường Phong Điền_09a_TP_CT_Kết quả chứng thực tại Ủy ban nhân dân (UB(...) copy.xlsx,UBND Phường Phong Điền,09a,True
UBND Phường Phong Điền_09a_TP_CT_Kết quả chứng thực tại Ủy ban nhân dân (UB(...).xlsx,UBND Phường Phong Điền,09a,True
UBND Phường Phù Liễn_09a_TP_CT_Kết quả chứng thực tại Ủy ban nhân dân (UBND(...).xlsx,UBND Phường Phù Liễn,09a,True
UBND Phường Phù Vân_09a_TP_CT_Kết quả chứng thực tại Ủy ban nhân dân (UBND)(...).xlsx,UBND Phường Phù Vân,09a,True
UBND Phường Phú Bài_09a_TP_CT_Kết quả chứng thực tại Ủy ban nhân dân (UBND)(...) copy.xlsx,UBND Phường Phú Bài,09a,True
UBND Phường Phú Bài_09a_TP_CT_Kết quả chứng thực tại Ủy ban nhân dân (UBND)(...).xlsx,UBND Phường Phú Bài,09a,True
UBND Phường Phú Diễn_09a_TP_CT_Kết quả chứng thực tại Ủy ban nhân dân (UBND(...).xlsx,UBND Phường Phú Diễn,09a,True
UBND Phường Phú Lương_09a_TP_CT_Kết quả chứng thực tại Ủy ban nhân dân (UBN(...).xlsx,UBND Phường Phú Lương,09a,True
UBND Phường Phú Mỹ_05b_TP_HGCS_Kết quả công tác hòa giải ở cơ sở trên địa b(...) copy.xlsx,UBND Phường Phú Mỹ,05b,True
UBND Phường Phú Mỹ_05b_TP_HGCS_Kết quả công tác hòa giải ở cơ sở trên địa b(...).xlsx,UBND Phường Phú Mỹ,05b,True
UBND Phường Phú Thượng_09a_TP_CT_Kết quả chứng thực tại Ủy ban nhân dân (UB(...) copy.xlsx,UBND Phường Phú Thượng,09a,True
UBND Phường Phú Thượng_09a_TP_CT_Kết quả chứng thực tại Ủy ban nhân dân (UB(...).xlsx,UBND Phường Phú Thượng,09a,True
UBND Phường Phước Long_09a_TP_CT_Kết quả chứng thực tại Ủy ban nhân dân (UB(...) copy.xlsx,UBND Phường Phước Long,09a,True
UBND Phường Phước Long_09a_TP_CT_Kết quả chứng thực tại Ủy ban nhân dân (UB(...).xlsx,UBND Phường Phước Long,09a,True
UBND Phường Phạm Sư Mạnh_04a_TP_PBGDPL_Kết quả công tác phổ biến giáo dục p(...).xlsx,UBND Phường Phạm Sư Mạnh,04a,True
UBND Phường Phổ Yên_09a_TP_CT_Kết quả chứng thực tại Ủy ban nhân dân (UBND)(...) copy.xlsx,UBND Phường Phổ Yên,09a,True
UBND Phường Phổ Yên_09a_TP_CT_Kết quả chứng thực tại Ủy ban nhân dân (UBND)(...).xlsx,UBND Phường Phổ Yên,09a,True
UBND Phường Quy Nhơn Nam_05b_TP_HGCS_Kết quả công tác hòa giải ở cơ sở trên(...) copy.xlsx,UBND Phường Quy Nhơn Nam,05b,True
UBND Phường Quy Nhơn Nam_05b_TP_HGCS_Kết quả công tác hòa giải ở cơ sở trên(...).xlsx,UBND Phường Quy Nhơn Nam,05b,True
UBND Phường Quy Nhơn Nam_09a_TP_CT_Kết quả chứng thực tại Ủy ban nhân dân ((...) copy.xlsx,UBND Phường Quy Nhơn Nam,09a,True
UBND Phường Quy Nhơn Nam_09a_TP_CT_Kết quả chứng thực tại Ủy ban nhân dân ((...).xlsx,UBND Phường Quy Nhơn Nam,09a,True
UBND Phường Quy Nhơn_09a_TP_CT_Kết quả chứng thực tại Ủy ban nhân dân (UBND(...) copy.xlsx,UBND Phường Quy Nhơn,09a,True
UBND Phường Quy Nhơn_09a_TP_CT_Kết quả chứng thực tại Ủy ban nhân dân (UBND(...).xlsx,UBND Phường Quy Nhơn,09a,True
UBND Phường Quyết Thắng_09a_TP_CT_Kết quả chứng thực tại Ủy ban nhân dân (U(...) copy.xlsx,UBND Phường Quyết Thắng,09a,True
UBND Phường Quyết Thắng_09a_TP_CT_Kết quả chứng thực tại Ủy ban nhân dân (U(...).xlsx,UBND Phường Quyết Thắng,09a,True
UBND Phường Quảng Phú_05b_TP_HGCS_Kết quả công tác hòa giải ở cơ sở trên đị(...).xlsx,UBND Phường Quảng Phú,05b,True
UBND Phường Quảng Phú_09a_TP_CT_Kết quả chứng thực tại Ủy ban nhân dân (UBN(...).xlsx,UBND Phường Quảng Phú,09a,True
UBND Phường Quảng Trị_09a_TP_CT_Kết quả chứng thực tại Ủy ban nhân dân (UBN(...).xlsx,UBND Phường Quảng Trị,09a,True
UBND Phường Quế Võ_09a_TP_CT_Kết quả chứng thực tại Ủy ban nhân dân (UBND)(...).xlsx,UBND Phường Quế Võ,09a,True
UBND Phường Sông Công_09a_TP_CT_Kết quả chứng thực tại Ủy ban nhân dân (UBN(...).xlsx,UBND Phường Sông Công,09a,True
UBND Phường Tam Sơn_09a_TP_CT_Kết quả chứng thực tại Ủy ban nhân dân (UBND)(...).xlsx,UBND Phường Tam Sơn,09a,True
UBND Phường Tam Thanh_09a_TP_CT_Kết quả chứng thực tại Ủy ban nhân dân (UBN(...).xlsx,UBND Phường Tam Thanh,09a,True
UBND Phường Thanh Thủy_09a_TP_CT_Kết quả chứng thực tại Ủy ban nhân dân (UB(...) copy.xlsx,UBND Phường Thanh Thủy,09a,True
UBND Phường Thanh Thủy_09a_TP_CT_Kết quả chứng thực tại Ủy ban nhân dân (UB(...).xlsx,UBND Phường Thanh Thủy,09a,True
UBND Phường Thanh Xuân_09a_TP_CT_Kết quả chứng thực tại Ủy ban nhân dân (UB(...) copy.xlsx,UBND Phường Thanh Xuân,09a,True
UBND Phường Thanh Xuân_09a_TP_CT_Kết quả chứng thực tại Ủy ban nhân dân (UB(...).xlsx,UBND Phường Thanh Xuân,09a,True
UBND Phường Thiên Trường_09a_TP_CT_Kết quả chứng thực tại Ủy ban nhân dân ((...) copy.xlsx,UBND Phường Thiên Trường,09a,True
UBND Phường Thiên Trường_09a_TP_CT_Kết quả chứng thực tại Ủy ban nhân dân ((...).xlsx,UBND Phường Thiên Trường,09a,True
UBND Phường Thuận Thành_09a_TP_CT_Kết quả chứng thực tại Ủy ban nhân dân (U(...).xlsx,UBND Phường Thuận Thành,09a,True
UBND Phường Thành Nam_04a_TP_PBGDPL_Kết quả công tác phổ biến giáo dục pháp(...).xlsx,UBND Phường Thành Nam,04a,True
UBND Phường Thành Vinh_09a_TP_CT_Kết quả chứng thực tại Ủy ban nhân dân (UB(...).xlsx,UBND Phường Thành Vinh,09a,True
UBND Phường Thượng Cát_09a_TP_CT_Kết quả chứng thực tại Ủy ban nhân dân (UB(...).xlsx,UBND Phường Thượng Cát,09a,True
UBND Phường Thạch Khôi_09a_TP_CT_Kết quả chứng thực tại Ủy ban nhân dân (UB(...).xlsx,UBND Phường Thạch Khôi,09a,True
UBND Phường Thống Nhất_09a_TP_CT_Kết quả chứng thực tại Ủy ban nhân dân (UB(...) copy.xlsx,UBND Phường Thống Nhất,09a,True
UBND Phường Thống Nhất_09a_TP_CT_Kết quả chứng thực tại Ủy ban nhân dân (UB(...).xlsx,UBND Phường Thống Nhất,09a,True
UBND Phường Thục Phán_09a_TP_CT_Kết quả chứng thực tại Ủy ban nhân dân (UBN(...) copy.xlsx,UBND Phường Thục Phán,09a,True
UBND Phường Thục Phán_09a_TP_CT_Kết quả chứng thực tại Ủy ban nhân dân (UBN(...).xlsx,UBND Phường Thục Phán,09a,True
UBND Phường Thủy Nguyên_09a_TP_CT_Kết quả chứng thực tại Ủy ban nhân dân (U(...).xlsx,UBND Phường Thủy Nguyên,09a,True
UBND Phường Tiên Sơn_09a_TP_CT_Kết quả chứng thực tại Ủy ban nhân dân (UBND(...).xlsx,UBND Phường Tiên Sơn,09a,True
UBND Phường Trường Vinh_09a_TP_CT_Kết quả chứng thực tại Ủy ban nhân dân (U(...) copy.xlsx,UBND Phường Trường Vinh,09a,True
UBND Phường Trường Vinh_09a_TP_CT_Kết quả chứng thực tại Ủy ban nhân dân (U(...).xlsx,UBND Phường Trường Vinh,09a,True
UBND Phường Tân An_09a_TP_CT_Kết quả chứng thực tại Ủy ban nhân dân (UBND)(...) copy 2.xlsx,UBND Phường Tân An,09a,True
UBND Phường Tân An_09a_TP_CT_Kết quả chứng thực tại Ủy ban nhân dân (UBND)(...) copy.xlsx,UBND Phường Tân An,09a,True
UBND Phường Tân An_09a_TP_CT_Kết quả chứng thực tại Ủy ban nhân dân (UBND)(...).xlsx,UBND Phường Tân An,09a,True
UBND Phường Tân Dân_09a_TP_CT_Kết quả chứng thực tại Ủy ban nhân dân (UBND)(...) copy.xlsx,UBND Phường Tân Dân,09a,True
UBND Phường Tân Dân_09a_TP_CT_Kết quả chứng thực tại Ủy ban nhân dân (UBND)(...).xlsx,UBND Phường Tân Dân,09a,True
UBND Phường Tân Giang_05b_TP_HGCS_Kết quả công tác hòa giải ở cơ sở trên đị(...).xlsx,UBND Phường Tân Giang,05b,True
UBND Phường Tân Giang_09a_TP_CT_Kết quả chứng thực tại Ủy ban nhân dân (UBN(...) copy.xlsx,UBND Phường Tân Giang,09a,True
UBND Phường Tân Giang_09a_TP_CT_Kết quả chứng thực tại Ủy ban nhân dân (UBN(...).xlsx,UBND Phường Tân Giang,09a,True
UBND Phường Tân Hưng_04a_TP_PBGDPL_Kết quả công tác phổ biến giáo dục pháp(...).xlsx,UBND Phường Tân Hưng,04a,True
UBND Phường Tân Khánh_05b_TP_HGCS_Kết quả công tác hòa giải ở cơ sở trên đị(...) copy.xlsx,UBND Phường Tân Khánh,05b,True
UBND Phường Tân Khánh_05b_TP_HGCS_Kết quả công tác hòa giải ở cơ sở trên đị(...).xlsx,UBND Phường Tân Khánh,05b,True
UBND Phường Tân Ninh_09a_TP_CT_Kết quả chứng thực tại Ủy ban nhân dân (UBND(...) copy.xlsx,UBND Phường Tân Ninh,09a,True
UBND Phường Tân Ninh_09a_TP_CT_Kết quả chứng thực tại Ủy ban nhân dân (UBND(...).xlsx,UBND Phường Tân Ninh,09a,True
UBND Phường Tân Sơn Nhất_05b_TP_HGCS_Kết quả công tác hòa giải ở cơ sở trên(...) copy.xlsx,UBND Phường Tân Sơn Nhất,05b,True
UBND Phường Tân Sơn Nhất_05b_TP_HGCS_Kết quả công tác hòa giải ở cơ sở trên(...).xlsx,UBND Phường Tân Sơn Nhất,05b,True
UBND Phường Tây Hồ_09a_TP_CT_Kết quả chứng thực tại Ủy ban nhân dân (UBND)(...) copy.xlsx,UBND Phường Tây Hồ,09a,True
UBND Phường Tây Hồ_09a_TP_CT_Kết quả chứng thực tại Ủy ban nhân dân (UBND)(...).xlsx,UBND Phường Tây Hồ,09a,True
UBND Phường Tây Mỗ_09a_TP_CT_Kết quả chứng thực tại Ủy ban nhân dân (UBND)(...).xlsx,UBND Phường Tây Mỗ,09a,True
UBND Phường Tích Lương_09a_TP_CT_Kết quả chứng thực tại Ủy ban nhân dân (UB(...) copy.xlsx,UBND Phường Tích Lương,09a,True
UBND Phường Tích Lương_09a_TP_CT_Kết quả chứng thực tại Ủy ban nhân dân (UB(...).xlsx,UBND Phường Tích Lương,09a,True
UBND Phường Tùng Thiện_09a_TP_CT_Kết quả chứng thực tại Ủy ban nhân dân (UB(...) copy.xlsx,UBND Phường Tùng Thiện,09a,True
UBND Phường Tùng Thiện_09a_TP_CT_Kết quả chứng thực tại Ủy ban nhân dân (UB(...).xlsx,UBND Phường Tùng Thiện,09a,True
UBND Phường Tương Mai_09a_TP_CT_Kết quả chứng thực tại Ủy ban nhân dân (UBN(...) copy.xlsx,UBND Phường Tương Mai,09a,True
UBND Phường Tương Mai_09a_TP_CT_Kết quả chứng thực tại Ủy ban nhân dân (UBN(...).xlsx,UBND Phường Tương Mai,09a,True
UBND Phường Từ Liêm_09a_TP_CT_Kết quả chứng thực tại Ủy ban nhân dân (UBND)(...) copy.xlsx,UBND Phường Từ Liêm,09a,True
UBND Phường Từ Liêm_09a_TP_CT_Kết quả chứng thực tại Ủy ban nhân dân (UBND)(...).xlsx,UBND Phường Từ Liêm,09a,True
UBND Phường Uông Bí_05b_TP_HGCS_Kết quả công tác hòa giải ở cơ sở trên địa(...) copy.xlsx,UBND Phường Uông Bí,05b,True
UBND Phường Uông Bí_05b_TP_HGCS_Kết quả công tác hòa giải ở cơ sở trên địa(...).xlsx,UBND Phường Uông Bí,05b,True
UBND Phường Vinh Lộc_09a_TP_CT_Kết quả chứng thực tại Ủy ban nhân dân (UBND(...).xlsx,UBND Phường Vinh Lộc,09a,True
UBND Phường Việt Yên_09a_TP_CT_Kết quả chứng thực tại Ủy ban nhân dân (UBND(...).xlsx,UBND Phường Việt Yên,09a,True
UBND Phường Vàng Danh_09a_TP_CT_Kết quả chứng thực tại Ủy ban nhân dân (UBN(...).xlsx,UBND Phường Vàng Danh,09a,True
UBND Phường Văn Miếu - Quốc Tử Giám_09a_TP_CT_Kết quả chứng thực tại Ủy ban(...).xlsx,UBND Phường Văn Miếu - Quốc Tử Giám,09a,True
UBND Phường Văn Phú_05b_TP_HGCS_Kết quả công tác hòa giải ở cơ sở trên địa(...).xlsx,UBND Phường Văn Phú,05b,True
UBND Phường Vĩnh Hưng_09a_TP_CT_Kết quả chứng thực tại Ủy ban nhân dân (UBN(...) copy.xlsx,UBND Phường Vĩnh Hưng,09a,True
UBND Phường Vĩnh Hưng_09a_TP_CT_Kết quả chứng thực tại Ủy ban nhân dân (UBN(...).xlsx,UBND Phường Vĩnh Hưng,09a,True
UBND Phường Vĩnh Phúc_09a_TP_CT_Kết quả chứng thực tại Ủy ban nhân dân (UBN(...).xlsx,UBND Phường Vĩnh Phúc,09a,True
UBND Phường Vĩnh Trạch_09a_TP_CT_Kết quả chứng thực tại Ủy ban nhân dân (UB(...).xlsx,UBND Phường Vĩnh Trạch,09a,True
UBND Phường Vũ Ninh_04a_TP_PBGDPL_Kết quả công tác phổ biến giáo dục pháp l(...).xlsx,UBND Phường Vũ Ninh,04a,True
UBND Phường Vạn Xuân_09a_TP_CT_Kết quả chứng thực tại Ủy ban nhân dân (UBND(...).xlsx,UBND Phường Vạn Xuân,09a,True
UBND Phường Xuân Đài_05b_TP_HGCS_Kết quả công tác hòa giải ở cơ sở trên địa(...) copy.xlsx,UBND Phường Xuân Đài,05b,True
UBND Phường Xuân Đài_05b_TP_HGCS_Kết quả công tác hòa giải ở cơ sở trên địa(...).xlsx,UBND Phường Xuân Đài,05b,True
UBND Phường Xuân Đỉnh_09a_TP_CT_Kết quả chứng thực tại Ủy ban nhân dân (UBN(...).xlsx,UBND Phường Xuân Đỉnh,09a,True
UBND Phường Yên Sở_09a_TP_CT_Kết quả chứng thực tại Ủy ban nhân dân (UBND)(...) copy.xlsx,UBND Phường Yên Sở,09a,True
UBND Phường Yên Sở_09a_TP_CT_Kết quả chứng thực tại Ủy ban nhân dân (UBND)(...).xlsx,UBND Phường Yên Sở,09a,True
UBND Phường Đoàn Kết_09a_TP_CT_Kết quả chứng thực tại Ủy ban nhân dân (UBND(...) copy.xlsx,UBND Phường Đoàn Kết,09a,True
UBND Phường Đoàn Kết_09a_TP_CT_Kết quả chứng thực tại Ủy ban nhân dân (UBND(...).xlsx,UBND Phường Đoàn Kết,09a,True
UBND Phường Đào Duy Từ_09a_TP_CT_Kết quả chứng thực tại Ủy ban nhân dân (UB(...).xlsx,UBND Phường Đào Duy Từ,09a,True
UBND Phường Đông Ngạc_09a_TP_CT_Kết quả chứng thực tại Ủy ban nhân dân (UBN(...).xlsx,UBND Phường Đông Ngạc,09a,True
UBND Phường Đông Sơn_04a_TP_PBGDPL_Kết quả công tác phổ biến giáo dục pháp(...).xlsx,UBND Phường Đông Sơn,04a,True
UBND Phường Đông Sơn_09a_TP_CT_Kết quả chứng thực tại Ủy ban nhân dân (UBND(...).xlsx,UBND Phường Đông Sơn,09a,True
UBND Phường Đại Mỗ_09a_TP_CT_Kết quả chứng thực tại Ủy ban nhân dân (UBND)(...).xlsx,UBND Phường Đại Mỗ,09a,True
UBND Phường Định Công_09a_TP_CT_Kết quả chứng thực tại Ủy ban nhân dân (UBN(...) copy.xlsx,UBND Phường Định Công,09a,True
UBND Phường Định Công_09a_TP_CT_Kết quả chứng thực tại Ủy ban nhân dân (UBN(...).xlsx,UBND Phường Định Công,09a,True
UBND Phường Đống Đa_09a_TP_CT_Kết quả chứng thực tại Ủy ban nhân dân (UBND)(...).xlsx,UBND Phường Đống Đa,09a,True
UBND Phường Đồ Sơn_09a_TP_CT_Kết quả chứng thực tại Ủy ban nhân dân (UBND)(...).xlsx,UBND Phường Đồ Sơn,09a,True
UBND Phường Đồng Nguyên_09a_TP_CT_Kết quả chứng thực tại Ủy ban nhân dân (U(...).xlsx,UBND Phường Đồng Nguyên,09a,True
UBND Phường Đồng Thuận_09a_TP_CT_Kết quả chứng thực tại Ủy ban nhân dân (UB(...).xlsx,UBND Phường Đồng Thuận,09a,True
UBND Xã An Bình_01a_TP_TĐ-BH_Số dự thảo (DT) văn bản quy phạm pháp luật (VB(...) copy.xlsx,UBND Xã An Bình,01a,True
UBND Xã An Bình_01a_TP_TĐ-BH_Số dự thảo (DT) văn bản quy phạm pháp luật (VB(...).xlsx,UBND Xã An Bình,01a,True
UBND Xã An Cư_09a_TP_CT_Kết quả chứng thực tại Ủy ban nhân dân (UBND) cấp xã.xlsx,UBND Xã An Cư,09a,True
UBND Xã An Hữu_05b_TP_HGCS_Kết quả công tác hòa giải ở cơ sở trên địa bàn x(...).xlsx,UBND Xã An Hữu,05b,True
UBND Xã An Khánh_04a_TP_PBGDPL_Kết quả công tác phổ biến giáo dục pháp luật(...).xlsx,UBND Xã An Khánh,04a,True
UBND Xã An Khánh_09a_TP_CT_Kết quả chứng thực tại Ủy ban nhân dân (UBND) cấp xã copy.xlsx,UBND Xã An Khánh,09a,True
UBND Xã An Khánh_09a_TP_CT_Kết quả chứng thực tại Ủy ban nhân dân (UBND) cấp xã.xlsx,UBND Xã An Khánh,09a,True
UBND Xã An Lục Long_09a_TP_CT_Kết quả chứng thực tại Ủy ban nhân dân (UBND)(...) copy.xlsx,UBND Xã An Lục Long,09a,True
UBND Xã An Lục Long_09a_TP_CT_Kết quả chứng thực tại Ủy ban nhân dân (UBND)(...).xlsx,UBND Xã An Lục Long,09a,True
UBND Xã An Nhơn Tây_09a_TP_CT_Kết quả chứng thực tại Ủy ban nhân dân (UBND)(...) copy.xlsx,UBND Xã An Nhơn Tây,09a,True
UBND Xã An Nhơn Tây_09a_TP_CT_Kết quả chứng thực tại Ủy ban nhân dân (UBND)(...).xlsx,UBND Xã An Nhơn Tây,09a,True
UBND Xã An Ninh_09a_TP_CT_Kết quả chứng thực tại Ủy ban nhân dân (UBND) cấp xã.xlsx,UBND Xã An Ninh,09a,True
UBND Xã An Quang_04a_TP_PBGDPL_Kết quả công tác phổ biến giáo dục pháp luật(...).xlsx,UBND Xã An Quang,04a,True
UBND Xã An Vinh_09a_TP_CT_Kết quả chứng thực tại Ủy ban nhân dân (UBND) cấp xã copy.xlsx,UBND Xã An Vinh,09a,True
UBND Xã An Vinh_09a_TP_CT_Kết quả chứng thực tại Ủy ban nhân dân (UBND) cấp xã.xlsx,UBND Xã An Vinh,09a,True
UBND Xã Ba Chúc_09a_TP_CT_Kết quả chứng thực tại Ủy ban nhân dân (UBND) cấp xã.xlsx,UBND Xã Ba Chúc,09a,True
UBND Xã Ba Chẽ_09a_TP_CT_Kết quả chứng thực tại Ủy ban nhân dân (UBND) cấp xã.xlsx,UBND Xã Ba Chẽ,09a,True
UBND Xã Ba Sơn_09a_TP_CT_Kết quả chứng thực tại Ủy ban nhân dân (UBND) cấp xã.xlsx,UBND Xã Ba Sơn,09a,True
UBND Xã Ba Vì_09a_TP_CT_Kết quả chứng thực tại Ủy ban nhân dân (UBND) cấp xã.xlsx,UBND Xã Ba Vì,09a,True
UBND Xã Ba Xa_09a_TP_CT_Kết quả chứng thực tại Ủy ban nhân dân (UBND) cấp xã.xlsx,UBND Xã Ba Xa,09a,True
UBND Xã Biển Bạch_09a_TP_CT_Kết quả chứng thực tại Ủy ban nhân dân (UBND) cấp xã copy.xlsx,UBND Xã Biển Bạch,09a,True
UBND Xã Biển Bạch_09a_TP_CT_Kết quả chứng thực tại Ủy ban nhân dân (UBND) cấp xã.xlsx,UBND Xã Biển Bạch,09a,True
UBND Xã Bát Mọt_09a_TP_CT_Kết quả chứng thực tại Ủy ban nhân dân (UBND) cấp xã.xlsx,UBND Xã Bát Mọt,09a,True
UBND Xã Bát Tràng_09a_TP_CT_Kết quả chứng thực tại Ủy ban nhân dân (UBND) cấp xã.xlsx,UBND Xã Bát Tràng,09a,True
UBND Xã Bát Xát_09a_TP_CT_Kết quả chứng thực tại Ủy ban nhân dân (UBND) cấp xã.xlsx,UBND Xã Bát Xát,09a,True
UBND Xã Bình Dương_09a_TP_CT_Kết quả chứng thực tại Ủy ban nhân dân (UBND)(...) copy.xlsx,UBND Xã Bình Dương,09a,True
UBND Xã Bình Dương_09a_TP_CT_Kết quả chứng thực tại Ủy ban nhân dân (UBND)(...).xlsx,UBND Xã Bình Dương,09a,True
UBND Xã Bình Hưng_05b_TP_HGCS_Kết quả công tác hòa giải ở cơ sở trên địa bà(...) copy.xlsx,UBND Xã Bình Hưng,05b,True
UBND Xã Bình Hưng_05b_TP_HGCS_Kết quả công tác hòa giải ở cơ sở trên địa bà(...).xlsx,UBND Xã Bình Hưng,05b,True
UBND Xã Bình Khê_09a_TP_CT_Kết quả chứng thực tại Ủy ban nhân dân (UBND) cấp xã.xlsx,UBND Xã Bình Khê,09a,True
UBND Xã Bình Liêu_09a_TP_CT_Kết quả chứng thực tại Ủy ban nhân dân (UBND) cấp xã.xlsx,UBND Xã Bình Liêu,09a,True
UBND Xã Bình Lư_09a_TP_CT_Kết quả chứng thực tại Ủy ban nhân dân (UBND) cấp xã.xlsx,UBND Xã Bình Lư,09a,True
UBND Xã Bình Minh_09a_TP_CT_Kết quả chứng thực tại Ủy ban nhân dân (UBND) cấp xã copy.xlsx,UBND Xã Bình Minh,09a,True
UBND Xã Bình Minh_09a_TP_CT_Kết quả chứng thực tại Ủy ban nhân dân (UBND) cấp xã.xlsx,UBND Xã Bình Minh,09a,True
UBND Xã Bình Mỹ_09a_TP_CT_Kết quả chứng thực tại Ủy ban nhân dân (UBND) cấp xã.xlsx,UBND Xã Bình Mỹ,09a,True
UBND Xã Bình Phú_09a_TP_CT_Kết quả chứng thực tại Ủy ban nhân dân (UBND) cấp xã.xlsx,UBND Xã Bình Phú,09a,True
UBND Xã Bình Xuyên_04a_TP_PBGDPL_Kết quả công tác phổ biến giáo dục pháp lu(...).xlsx,UBND Xã Bình Xuyên,04a,True
UBND Xã Bình Xuyên_09a_TP_CT_Kết quả chứng thực tại Ủy ban nhân dân (UBND)(...).xlsx,UBND Xã Bình Xuyên,09a,True
UBND Xã Bình Điền_05b_TP_HGCS_Kết quả công tác hòa giải ở cơ sở trên địa bà(...) copy.xlsx,UBND Xã Bình Điền,05b,True
UBND Xã Bình Điền_05b_TP_HGCS_Kết quả công tác hòa giải ở cơ sở trên địa bà(...).xlsx,UBND Xã Bình Điền,05b,True
UBND Xã Bạch Đằng_09a_TP_CT_Kết quả chứng thực tại Ủy ban nhân dân (UBND) cấp xã copy.xlsx,UBND Xã Bạch Đằng,09a,True
UBND Xã Bạch Đằng_09a_TP_CT_Kết quả chứng thực tại Ủy ban nhân dân (UBND) cấp xã.xlsx,UBND Xã Bạch Đằng,09a,True
UBND Xã Bản Nguyên_09a_TP_CT_Kết quả chứng thực tại Ủy ban nhân dân (UBND)(...).xlsx,UBND Xã Bản Nguyên,09a,True
UBND Xã Bảo Lâm 3_09a_TP_CT_Kết quả chứng thực tại Ủy ban nhân dân (UBND) cấp xã copy.xlsx,UBND Xã Bảo Lâm 3,09a,True
UBND Xã Bảo Lâm 3_09a_TP_CT_Kết quả chứng thực tại Ủy ban nhân dân (UBND) cấp xã.xlsx,UBND Xã Bảo Lâm 3,09a,True
UBND Xã Bảo Lâm_05b_TP_HGCS_Kết quả công tác hòa giải ở cơ sở trên địa bàn(...).xlsx,UBND Xã Bảo Lâm,05b,True
UBND Xã Bảo Đài_09a_TP_CT_Kết quả chứng thực tại Ủy ban nhân dân (UBND) cấp xã.xlsx,UBND Xã Bảo Đài,09a,True
UBND Xã Bắc Hà_09a_TP_CT_Kết quả chứng thực tại Ủy ban nhân dân (UBND) cấp xã.xlsx,UBND Xã Bắc Hà,09a,True
UBND Xã Bắc Sơn_09a_TP_CT_Kết quả chứng thực tại Ủy ban nhân dân (UBND) cấp xã.xlsx,UBND Xã Bắc Sơn,09a,True
UBND Xã Bến Lức_05b_TP_HGCS_Kết quả công tác hòa giải ở cơ sở trên địa bàn(...) copy.xlsx,UBND Xã Bến Lức,05b,True
UBND Xã Bến Lức_05b_TP_HGCS_Kết quả công tác hòa giải ở cơ sở trên địa bàn(...).xlsx,UBND Xã Bến Lức,05b,True
UBND Xã Bố Hạ_09a_TP_CT_Kết quả chứng thực tại Ủy ban nhân dân (UBND) cấp xã.xlsx,UBND Xã Bố Hạ,09a,True
UBND Xã Bờ Ngoong_09a_TP_CT_Kết quả chứng thực tại Ủy ban nhân dân (UBND) cấp xã copy.xlsx,UBND Xã Bờ Ngoong,09a,True
UBND Xã Bờ Ngoong_09a_TP_CT_Kết quả chứng thực tại Ủy ban nhân dân (UBND) cấp xã.xlsx,UBND Xã Bờ Ngoong,09a,True
UBND Xã Cai Kinh_05b_TP_HGCS_Kết quả công tác hòa giải ở cơ sở trên địa bàn(...).xlsx,UBND Xã Cai Kinh,05b,True
UBND Xã Canh Liên_05b_TP_HGCS_Kết quả công tác hòa giải ở cơ sở trên địa bà(...).xlsx,UBND Xã Canh Liên,05b,True
UBND Xã Canh Vinh_09a_TP_CT_Kết quả chứng thực tại Ủy ban nhân dân (UBND) cấp xã copy.xlsx,UBND Xã Canh Vinh,09a,True
UBND Xã Canh Vinh_09a_TP_CT_Kết quả chứng thực tại Ủy ban nhân dân (UBND) cấp xã.xlsx,UBND Xã Canh Vinh,09a,True
UBND Xã Cao Minh_09a_TP_CT_Kết quả chứng thực tại Ủy ban nhân dân (UBND) cấp xã.xlsx,UBND Xã Cao Minh,09a,True
UBND Xã Chi Lăng_09a_TP_CT_Kết quả chứng thực tại Ủy ban nhân dân (UBND) cấp xã.xlsx,UBND Xã Chi Lăng,09a,True
UBND Xã Chiến Thắng_09a_TP_CT_Kết quả chứng thực tại Ủy ban nhân dân (UBND)(...).xlsx,UBND Xã Chiến Thắng,09a,True
UBND Xã Chiềng Ken_09a_TP_CT_Kết quả chứng thực tại Ủy ban nhân dân (UBND)(...).xlsx,UBND Xã Chiềng Ken,09a,True
UBND Xã Chuyên Mỹ_09a_TP_CT_Kết quả chứng thực tại Ủy ban nhân dân (UBND) cấp xã.xlsx,UBND Xã Chuyên Mỹ,09a,True
UBND Xã Châu Sơn_05b_TP_HGCS_Kết quả công tác hòa giải ở cơ sở trên địa bàn(...).xlsx,UBND Xã Châu Sơn,05b,True
UBND Xã Châu Thới_09a_TP_CT_Kết quả chứng thực tại Ủy ban nhân dân (UBND) cấp xã copy.xlsx,UBND Xã Châu Thới,09a,True
UBND Xã Châu Thới_09a_TP_CT_Kết quả chứng thực tại Ủy ban nhân dân (UBND) cấp xã.xlsx,UBND Xã Châu Thới,09a,True
UBND Xã Chí Minh_04a_TP_PBGDPL_Kết quả công tác phổ biến giáo dục pháp luật(...).xlsx,UBND Xã Chí Minh,04a,True
UBND Xã Chí Tiên_09a_TP_CT_Kết quả chứng thực tại Ủy ban nhân dân (UBND) cấp xã.xlsx,UBND Xã Chí Tiên,09a,True
UBND Xã Chơ Long_09a_TP_CT_Kết quả chứng thực tại Ủy ban nhân dân (UBND) cấp xã copy.xlsx,UBND Xã Chơ Long,09a,True
UBND Xã Chơ Long_09a_TP_CT_Kết quả chứng thực tại Ủy ban nhân dân (UBND) cấp xã.xlsx,UBND Xã Chơ Long,09a,True
UBND Xã Chư Prông_09a_TP_CT_Kết quả chứng thực tại Ủy ban nhân dân (UBND) cấp xã copy.xlsx,UBND Xã Chư Prông,09a,True
UBND Xã Chư Prông_09a_TP_CT_Kết quả chứng thực tại Ủy ban nhân dân (UBND) cấp xã.xlsx,UBND Xã Chư Prông,09a,True
UBND Xã Chư Sê_09a_TP_CT_Kết quả chứng thực tại Ủy ban nhân dân (UBND) cấp xã copy.xlsx,UBND Xã Chư Sê,09a,True
UBND Xã Chư Sê_09a_TP_CT_Kết quả chứng thực tại Ủy ban nhân dân (UBND) cấp xã.xlsx,UBND Xã Chư Sê,09a,True
UBND Xã Chương Dương_01a_TP_TĐ-BH_Số dự thảo (DT) văn bản quy phạm pháp luậ(...).xlsx,UBND Xã Chương Dương,01a,True
UBND Xã Chương Dương_05b_TP_HGCS_Kết quả công tác hòa giải ở cơ sở trên địa(...).xlsx,UBND Xã Chương Dương,05b,True
UBND Xã Chợ Đồn_09a_TP_CT_Kết quả chứng thực tại Ủy ban nhân dân (UBND) cấp xã.xlsx,UBND Xã Chợ Đồn,09a,True
UBND Xã Các Sơn_09a_TP_CT_Kết quả chứng thực tại Ủy ban nhân dân (UBND) cấp xã.xlsx,UBND Xã Các Sơn,09a,True
UBND Xã Cái Chiên_09a_TP_CT_Kết quả chứng thực tại Ủy ban nhân dân (UBND) cấp xã.xlsx,UBND Xã Cái Chiên,09a,True
UBND Xã Côn Minh_09a_TP_CT_Kết quả chứng thực tại Ủy ban nhân dân (UBND) cấp xã.xlsx,UBND Xã Côn Minh,09a,True
UBND Xã Cư M’ta_05b_TP_HGCS_Kết quả công tác hòa giải ở cơ sở trên địa bàn(...) copy.xlsx,UBND Xã Cư M’ta,05b,True
UBND Xã Cư M’ta_05b_TP_HGCS_Kết quả công tác hòa giải ở cơ sở trên địa bàn(...).xlsx,UBND Xã Cư M’ta,05b,True
UBND Xã Cư Yang_05b_TP_HGCS_Kết quả công tác hòa giải ở cơ sở trên địa bàn(...) copy.xlsx,UBND Xã Cư Yang,05b,True
UBND Xã Cư Yang_05b_TP_HGCS_Kết quả công tác hòa giải ở cơ sở trên địa bàn(...).xlsx,UBND Xã Cư Yang,05b,True
UBND Xã Cần Đước_09a_TP_CT_Kết quả chứng thực tại Ủy ban nhân dân (UBND) cấp xã copy.xlsx,UBND Xã Cần Đước,09a,True
UBND Xã Cần Đước_09a_TP_CT_Kết quả chứng thực tại Ủy ban nhân dân (UBND) cấp xã.xlsx,UBND Xã Cần Đước,09a,True
UBND Xã Cẩm Giang_09a_TP_CT_Kết quả chứng thực tại Ủy ban nhân dân (UBND) cấp xã.xlsx,UBND Xã Cẩm Giang,09a,True
UBND Xã Cẩm Giàng_09a_TP_CT_Kết quả chứng thực tại Ủy ban nhân dân (UBND) cấp xã.xlsx,UBND Xã Cẩm Giàng,09a,True
UBND Xã Cẩm Thạch_04a_TP_PBGDPL_Kết quả công tác phổ biến giáo dục pháp luậ(...).xlsx,UBND Xã Cẩm Thạch,04a,True
UBND Xã Cẩm Tân_09a_TP_CT_Kết quả chứng thực tại Ủy ban nhân dân (UBND) cấp xã copy.xlsx,UBND Xã Cẩm Tân,09a,True
UBND Xã Cẩm Tân_09a_TP_CT_Kết quả chứng thực tại Ủy ban nhân dân (UBND) cấp xã.xlsx,UBND Xã Cẩm Tân,09a,True
UBND Xã Cẩm Vân_09a_TP_CT_Kết quả chứng thực tại Ủy ban nhân dân (UBND) cấp xã.xlsx,UBND Xã Cẩm Vân,09a,True
UBND Xã Cốc Pàng_09a_TP_CT_Kết quả chứng thực tại Ủy ban nhân dân (UBND) cấp xã copy.xlsx,UBND Xã Cốc Pàng,09a,True
UBND Xã Cốc Pàng_09a_TP_CT_Kết quả chứng thực tại Ủy ban nhân dân (UBND) cấp xã.xlsx,UBND Xã Cốc Pàng,09a,True
UBND Xã Cổ Đô_09a_TP_CT_Kết quả chứng thực tại Ủy ban nhân dân (UBND) cấp xã copy.xlsx,UBND Xã Cổ Đô,09a,True
UBND Xã Cổ Đô_09a_TP_CT_Kết quả chứng thực tại Ủy ban nhân dân (UBND) cấp xã.xlsx,UBND Xã Cổ Đô,09a,True
UBND Xã Cự Đồng_09a_TP_CT_Kết quả chứng thực tại Ủy ban nhân dân (UBND) cấp xã.xlsx,UBND Xã Cự Đồng,09a,True
UBND Xã Dang Kang_09a_TP_CT_Kết quả chứng thực tại Ủy ban nhân dân (UBND) cấp xã copy.xlsx,UBND Xã Dang Kang,09a,True
UBND Xã Dang Kang_09a_TP_CT_Kết quả chứng thực tại Ủy ban nhân dân (UBND) cấp xã.xlsx,UBND Xã Dang Kang,09a,True
UBND Xã Dân Hòa_09a_TP_CT_Kết quả chứng thực tại Ủy ban nhân dân (UBND) cấp xã copy.xlsx,UBND Xã Dân Hòa,09a,True
UBND Xã Dân Hòa_09a_TP_CT_Kết quả chứng thực tại Ủy ban nhân dân (UBND) cấp xã.xlsx,UBND Xã Dân Hòa,09a,True
UBND Xã Dương Hòa_09a_TP_CT_Kết quả chứng thực tại Ủy ban nhân dân (UBND) cấp xã.xlsx,UBND Xã Dương Hòa,09a,True
UBND Xã Dương Minh Châu_05b_TP_HGCS_Kết quả công tác hòa giải ở cơ sở trên(...) copy.xlsx,UBND Xã Dương Minh Châu,05b,True
UBND Xã Dương Minh Châu_05b_TP_HGCS_Kết quả công tác hòa giải ở cơ sở trên(...).xlsx,UBND Xã Dương Minh Châu,05b,True
UBND Xã Dầu Giây_09a_TP_CT_Kết quả chứng thực tại Ủy ban nhân dân (UBND) cấp xã copy.xlsx,UBND Xã Dầu Giây,09a,True
UBND Xã Dầu Giây_09a_TP_CT_Kết quả chứng thực tại Ủy ban nhân dân (UBND) cấp xã.xlsx,UBND Xã Dầu Giây,09a,True
UBND Xã Ea Nuôl_09a_TP_CT_Kết quả chứng thực tại Ủy ban nhân dân (UBND) cấp xã copy.xlsx,UBND Xã Ea Nuôl,09a,True
UBND Xã Ea Nuôl_09a_TP_CT_Kết quả chứng thực tại Ủy ban nhân dân (UBND) cấp xã.xlsx,UBND Xã Ea Nuôl,09a,True
UBND Xã Ea Riêng_05b_TP_HGCS_Kết quả công tác hòa giải ở cơ sở trên địa bàn(...) copy.xlsx,UBND Xã Ea Riêng,05b,True
UBND Xã Ea Riêng_05b_TP_HGCS_Kết quả công tác hòa giải ở cơ sở trên địa bàn(...).xlsx,UBND Xã Ea Riêng,05b,True
UBND Xã Ea Trang_09a_TP_CT_Kết quả chứng thực tại Ủy ban nhân dân (UBND) cấp xã copy.xlsx,UBND Xã Ea Trang,09a,True
UBND Xã Ea Trang_09a_TP_CT_Kết quả chứng thực tại Ủy ban nhân dân (UBND) cấp xã.xlsx,UBND Xã Ea Trang,09a,True
UBND Xã Ea Ô_09a_TP_CT_Kết quả chứng thực tại Ủy ban nhân dân (UBND) cấp xã copy.xlsx,UBND Xã Ea Ô,09a,True
UBND Xã Ea Ô_09a_TP_CT_Kết quả chứng thực tại Ủy ban nhân dân (UBND) cấp xã.xlsx,UBND Xã Ea Ô,09a,True
UBND Xã Gia Hòa_09a_TP_CT_Kết quả chứng thực tại Ủy ban nhân dân (UBND) cấp xã.xlsx,UBND Xã Gia Hòa,09a,True
UBND Xã Gia Lâm_09a_TP_CT_Kết quả chứng thực tại Ủy ban nhân dân (UBND) cấp xã copy 2.xlsx,UBND Xã Gia Lâm,09a,True
UBND Xã Gia Lâm_09a_TP_CT_Kết quả chứng thực tại Ủy ban nhân dân (UBND) cấp xã copy.xlsx,UBND Xã Gia Lâm,09a,True
UBND Xã Gia Lâm_09a_TP_CT_Kết quả chứng thực tại Ủy ban nhân dân (UBND) cấp xã.xlsx,UBND Xã Gia Lâm,09a,True
UBND Xã Gia Phong_09a_TP_CT_Kết quả chứng thực tại Ủy ban nhân dân (UBND) cấp xã.xlsx,UBND Xã Gia Phong,09a,True
UBND Xã Gia Phú_09a_TP_CT_Kết quả chứng thực tại Ủy ban nhân dân (UBND) cấp xã.xlsx,UBND Xã Gia Phú,09a,True
UBND Xã Giang Thành_05b_TP_HGCS_Kết quả công tác hòa giải ở cơ sở trên địa(...).xlsx,UBND Xã Giang Thành,05b,True
UBND Xã Giang Thành_09a_TP_CT_Kết quả chứng thực tại Ủy ban nhân dân (UBND)(...).xlsx,UBND Xã Giang Thành,09a,True
UBND Xã Giao Long_01a_TP_TĐ-BH_Số dự thảo (DT) văn bản quy phạm pháp luật ((...) copy.xlsx,UBND Xã Giao Long,01a,True
UBND Xã Giao Long_01a_TP_TĐ-BH_Số dự thảo (DT) văn bản quy phạm pháp luật ((...).xlsx,UBND Xã Giao Long,01a,True
UBND Xã Gành Hào_09a_TP_CT_Kết quả chứng thực tại Ủy ban nhân dân (UBND) cấp xã copy.xlsx,UBND Xã Gành Hào,09a,True
UBND Xã Gành Hào_09a_TP_CT_Kết quả chứng thực tại Ủy ban nhân dân (UBND) cấp xã.xlsx,UBND Xã Gành Hào,09a,True
UBND Xã Gào_09a_TP_CT_Kết quả chứng thực tại Ủy ban nhân dân (UBND) cấp xã copy.xlsx,UBND Xã Gào,09a,True
UBND Xã Gào_09a_TP_CT_Kết quả chứng thực tại Ủy ban nhân dân (UBND) cấp xã.xlsx,UBND Xã Gào,09a,True
UBND Xã Hiệp Hòa_09a_TP_CT_Kết quả chứng thực tại Ủy ban nhân dân (UBND) cấp xã.xlsx,UBND Xã Hiệp Hòa,09a,True
UBND Xã Hoa Lộc_09a_TP_CT_Kết quả chứng thực tại Ủy ban nhân dân (UBND) cấp xã.xlsx,UBND Xã Hoa Lộc,09a,True
UBND Xã Hoa Quân_09a_TP_CT_Kết quả chứng thực tại Ủy ban nhân dân (UBND) cấp xã.xlsx,UBND Xã Hoa Quân,09a,True
UBND Xã Hoài Ân_09a_TP_CT_Kết quả chứng thực tại Ủy ban nhân dân (UBND) cấp xã copy.xlsx,UBND Xã Hoài Ân,09a,True
UBND Xã Hoài Ân_09a_TP_CT_Kết quả chứng thực tại Ủy ban nhân dân (UBND) cấp xã.xlsx,UBND Xã Hoài Ân,09a,True
UBND Xã Hoài Đức_09a_TP_CT_Kết quả chứng thực tại Ủy ban nhân dân (UBND) cấp xã.xlsx,UBND Xã Hoài Đức,09a,True
UBND Xã Hoàng An_09a_TP_CT_Kết quả chứng thực tại Ủy ban nhân dân (UBND) cấp xã.xlsx,UBND Xã Hoàng An,09a,True
UBND Xã Hoành Mô_09a_TP_CT_Kết quả chứng thực tại Ủy ban nhân dân (UBND) cấp xã.xlsx,UBND Xã Hoành Mô,09a,True
UBND Xã Hoằng Tiến_09a_TP_CT_Kết quả chứng thực tại Ủy ban nhân dân (UBND)(...).xlsx,UBND Xã Hoằng Tiến,09a,True
UBND Xã Hua Bum_09a_TP_CT_Kết quả chứng thực tại Ủy ban nhân dân (UBND) cấp xã copy.xlsx,UBND Xã Hua Bum,09a,True
UBND Xã Hua Bum_09a_TP_CT_Kết quả chứng thực tại Ủy ban nhân dân (UBND) cấp xã.xlsx,UBND Xã Hua Bum,09a,True
UBND Xã Hy Cương_05b_TP_HGCS_Kết quả công tác hòa giải ở cơ sở trên địa bàn(...).xlsx,UBND Xã Hy Cương,05b,True
UBND Xã Hà Long_04a_TP_PBGDPL_Kết quả công tác phổ biến giáo dục pháp luật(...).xlsx,UBND Xã Hà Long,04a,True
UBND Xã Hà Long_09a_TP_CT_Kết quả chứng thực tại Ủy ban nhân dân (UBND) cấp xã.xlsx,UBND Xã Hà Long,09a,True
UBND Xã Hà Nam_09a_TP_CT_Kết quả chứng thực tại Ủy ban nhân dân (UBND) cấp xã.xlsx,UBND Xã Hà Nam,09a,True
UBND Xã Hà Tây_09a_TP_CT_Kết quả chứng thực tại Ủy ban nhân dân (UBND) cấp xã.xlsx,UBND Xã Hà Tây,09a,True
UBND Xã Hà Đông_04a_TP_PBGDPL_Kết quả công tác phổ biến giáo dục pháp luật(...).xlsx,UBND Xã Hà Đông,04a,True
UBND Xã Hòa An_09a_TP_CT_Kết quả chứng thực tại Ủy ban nhân dân (UBND) cấp xã copy.xlsx,UBND Xã Hòa An,09a,True
UBND Xã Hòa An_09a_TP_CT_Kết quả chứng thực tại Ủy ban nhân dân (UBND) cấp xã.xlsx,UBND Xã Hòa An,09a,True
UBND Xã Hòa Hưng_09a_TP_CT_Kết quả chứng thực tại Ủy ban nhân dân (UBND) cấp xã.xlsx,UBND Xã Hòa Hưng,09a,True
UBND Xã Hòa Long_05b_TP_HGCS_Kết quả công tác hòa giải ở cơ sở trên địa bàn(...).xlsx,UBND Xã Hòa Long,05b,True
UBND Xã Hòa Phú_05b_TP_HGCS_Kết quả công tác hòa giải ở cơ sở trên địa bàn(...) copy.xlsx,UBND Xã Hòa Phú,05b,True
UBND Xã Hòa Phú_05b_TP_HGCS_Kết quả công tác hòa giải ở cơ sở trên địa bàn(...).xlsx,UBND Xã Hòa Phú,05b,True
UBND Xã Hòa Phú_09a_TP_CT_Kết quả chứng thực tại Ủy ban nhân dân (UBND) cấp xã copy.xlsx,UBND Xã Hòa Phú,09a,True
UBND Xã Hòa Phú_09a_TP_CT_Kết quả chứng thực tại Ủy ban nhân dân (UBND) cấp xã.xlsx,UBND Xã Hòa Phú,09a,True
UBND Xã Hóa Quỳ_09a_TP_CT_Kết quả chứng thực tại Ủy ban nhân dân (UBND) cấp xã.xlsx,UBND Xã Hóa Quỳ,09a,True
UBND Xã Hưng Thuận_05b_TP_HGCS_Kết quả công tác hòa giải ở cơ sở trên địa b(...) copy.xlsx,UBND Xã Hưng Thuận,05b,True
UBND Xã Hưng Thuận_05b_TP_HGCS_Kết quả công tác hòa giải ở cơ sở trên địa b(...).xlsx,UBND Xã Hưng Thuận,05b,True
UBND Xã Hưng Vũ_09a_TP_CT_Kết quả chứng thực tại Ủy ban nhân dân (UBND) cấp xã.xlsx,UBND Xã Hưng Vũ,09a,True
UBND Xã Hương Cần_09a_TP_CT_Kết quả chứng thực tại Ủy ban nhân dân (UBND) cấp xã.xlsx,UBND Xã Hương Cần,09a,True
UBND Xã Hạnh Phúc_09a_TP_CT_Kết quả chứng thực tại Ủy ban nhân dân (UBND) cấp xã.xlsx,UBND Xã Hạnh Phúc,09a,True
UBND Xã Hải Lạng_09a_TP_CT_Kết quả chứng thực tại Ủy ban nhân dân (UBND) cấp xã.xlsx,UBND Xã Hải Lạng,09a,True
UBND Xã Hậu Mỹ_05b_TP_HGCS_Kết quả công tác hòa giải ở cơ sở trên địa bàn x(...).xlsx,UBND Xã Hậu Mỹ,05b,True
UBND Xã Hồ Đắc Kiện_09a_TP_CT_Kết quả chứng thực tại Ủy ban nhân dân (UBND)(...).xlsx,UBND Xã Hồ Đắc Kiện,09a,True
UBND Xã Hồi Xuân_09a_TP_CT_Kết quả chứng thực tại Ủy ban nhân dân (UBND) cấp xã.xlsx,UBND Xã Hồi Xuân,09a,True
UBND Xã Hồng Dân_09a_TP_CT_Kết quả chứng thực tại Ủy ban nhân dân (UBND) cấp xã.xlsx,UBND Xã Hồng Dân,09a,True
UBND Xã Hồng Phong_05b_TP_HGCS_Kết quả công tác hòa giải ở cơ sở trên địa b(...).xlsx,UBND Xã Hồng Phong,05b,True
UBND Xã Hồng Thu_09a_TP_CT_Kết quả chứng thực tại Ủy ban nhân dân (UBND) cấp xã copy.xlsx,UBND Xã Hồng Thu,09a,True
UBND Xã Hồng Thu_09a_TP_CT_Kết quả chứng thực tại Ủy ban nhân dân (UBND) cấp xã.xlsx,UBND Xã Hồng Thu,09a,True
UBND Xã Hợp Kim_09a_TP_CT_Kết quả chứng thực tại Ủy ban nhân dân (UBND) cấp xã.xlsx,UBND Xã Hợp Kim,09a,True
UBND Xã Hợp Lý_09a_TP_CT_Kết quả chứng thực tại Ủy ban nhân dân (UBND) cấp xã.xlsx,UBND Xã Hợp Lý,09a,True
UBND Xã Hợp Thành_09a_TP_CT_Kết quả chứng thực tại Ủy ban nhân dân (UBND) cấp xã.xlsx,UBND Xã Hợp Thành,09a,True
UBND Xã Hợp Thịnh_09a_TP_CT_Kết quả chứng thực tại Ủy ban nhân dân (UBND) cấp xã copy.xlsx,UBND Xã Hợp Thịnh,09a,True
UBND Xã Hợp Thịnh_09a_TP_CT_Kết quả chứng thực tại Ủy ban nhân dân (UBND) cấp xã.xlsx,UBND Xã Hợp Thịnh,09a,True
UBND Xã Hợp Tiến_09a_TP_CT_Kết quả chứng thực tại Ủy ban nhân dân (UBND) cấp xã.xlsx,UBND Xã Hợp Tiến,09a,True
UBND Xã Hữu Liên_09a_TP_CT_Kết quả chứng thực tại Ủy ban nhân dân (UBND) cấp xã.xlsx,UBND Xã Hữu Liên,09a,True
UBND Xã Ia Boòng_09a_TP_CT_Kết quả chứng thực tại Ủy ban nhân dân (UBND) cấp xã copy.xlsx,UBND Xã Ia Boòng,09a,True
UBND Xã Ia Boòng_09a_TP_CT_Kết quả chứng thực tại Ủy ban nhân dân (UBND) cấp xã.xlsx,UBND Xã Ia Boòng,09a,True
UBND Xã Ia Chia_09a_TP_CT_Kết quả chứng thực tại Ủy ban nhân dân (UBND) cấp xã copy.xlsx,UBND Xã Ia Chia,09a,True
UBND Xã Ia Chia_09a_TP_CT_Kết quả chứng thực tại Ủy ban nhân dân (UBND) cấp xã.xlsx,UBND Xã Ia Chia,09a,True
UBND Xã Ia Grai_05b_TP_HGCS_Kết quả công tác hòa giải ở cơ sở trên địa bàn(...) copy.xlsx,UBND Xã Ia Grai,05b,True
UBND Xã Ia Grai_05b_TP_HGCS_Kết quả công tác hòa giải ở cơ sở trên địa bàn(...).xlsx,UBND Xã Ia Grai,05b,True
UBND Xã Ia Hrú_09a_TP_CT_Kết quả chứng thực tại Ủy ban nhân dân (UBND) cấp xã copy.xlsx,UBND Xã Ia Hrú,09a,True
UBND Xã Ia Hrú_09a_TP_CT_Kết quả chứng thực tại Ủy ban nhân dân (UBND) cấp xã.xlsx,UBND Xã Ia Hrú,09a,True
UBND Xã Ia Ko_09a_TP_CT_Kết quả chứng thực tại Ủy ban nhân dân (UBND) cấp xã copy.xlsx,UBND Xã Ia Ko,09a,True
UBND Xã Ia Ko_09a_TP_CT_Kết quả chứng thực tại Ủy ban nhân dân (UBND) cấp xã.xlsx,UBND Xã Ia Ko,09a,True
UBND Xã Ia Krái_09a_TP_CT_Kết quả chứng thực tại Ủy ban nhân dân (UBND) cấp xã copy.xlsx,UBND Xã Ia Krái,09a,True
UBND Xã Ia Krái_09a_TP_CT_Kết quả chứng thực tại Ủy ban nhân dân (UBND) cấp xã.xlsx,UBND Xã Ia Krái,09a,True
UBND Xã Ia Le_09a_TP_CT_Kết quả chứng thực tại Ủy ban nhân dân (UBND) cấp xã copy.xlsx,UBND Xã Ia Le,09a,True
UBND Xã Ia Le_09a_TP_CT_Kết quả chứng thực tại Ủy ban nhân dân (UBND) cấp xã.xlsx,UBND Xã Ia Le,09a,True
UBND Xã Ia Ly_09a_TP_CT_Kết quả chứng thực tại Ủy ban nhân dân (UBND) cấp xã copy.xlsx,UBND Xã Ia Ly,09a,True
UBND Xã Ia Ly_09a_TP_CT_Kết quả chứng thực tại Ủy ban nhân dân (UBND) cấp xã.xlsx,UBND Xã Ia Ly,09a,True
UBND Xã Ia Lâu_09a_TP_CT_Kết quả chứng thực tại Ủy ban nhân dân (UBND) cấp xã copy.xlsx,UBND Xã Ia Lâu,09a,True
UBND Xã Ia Lâu_09a_TP_CT_Kết quả chứng thực tại Ủy ban nhân dân (UBND) cấp xã.xlsx,UBND Xã Ia Lâu,09a,True
UBND Xã Ia Mơ_09a_TP_CT_Kết quả chứng thực tại Ủy ban nhân dân (UBND) cấp xã copy.xlsx,UBND Xã Ia Mơ,09a,True
UBND Xã Ia Mơ_09a_TP_CT_Kết quả chứng thực tại Ủy ban nhân dân (UBND) cấp xã.xlsx,UBND Xã Ia Mơ,09a,True
UBND Xã Ia O_09a_TP_CT_Kết quả chứng thực tại Ủy ban nhân dân (UBND) cấp xã copy.xlsx,UBND Xã Ia O,09a,True
UBND Xã Ia O_09a_TP_CT_Kết quả chứng thực tại Ủy ban nhân dân (UBND) cấp xã.xlsx,UBND Xã Ia O,09a,True
UBND Xã Ia Pa_09a_TP_CT_Kết quả chứng thực tại Ủy ban nhân dân (UBND) cấp xã copy.xlsx,UBND Xã Ia Pa,09a,True
UBND Xã Ia Pa_09a_TP_CT_Kết quả chứng thực tại Ủy ban nhân dân (UBND) cấp xã.xlsx,UBND Xã Ia Pa,09a,True
UBND Xã Ia Pia_09a_TP_CT_Kết quả chứng thực tại Ủy ban nhân dân (UBND) cấp xã copy.xlsx,UBND Xã Ia Pia,09a,True
UBND Xã Ia Pia_09a_TP_CT_Kết quả chứng thực tại Ủy ban nhân dân (UBND) cấp xã.xlsx,UBND Xã Ia Pia,09a,True
UBND Xã Ia Pnôn_09a_TP_CT_Kết quả chứng thực tại Ủy ban nhân dân (UBND) cấp xã copy.xlsx,UBND Xã Ia Pnôn,09a,True
UBND Xã Ia Pnôn_09a_TP_CT_Kết quả chứng thực tại Ủy ban nhân dân (UBND) cấp xã.xlsx,UBND Xã Ia Pnôn,09a,True
UBND Xã Ia Rsai_09a_TP_CT_Kết quả chứng thực tại Ủy ban nhân dân (UBND) cấp xã copy.xlsx,UBND Xã Ia Rsai,09a,True
UBND Xã Ia Rsai_09a_TP_CT_Kết quả chứng thực tại Ủy ban nhân dân (UBND) cấp xã.xlsx,UBND Xã Ia Rsai,09a,True
UBND Xã Ia Sao_09a_TP_CT_Kết quả chứng thực tại Ủy ban nhân dân (UBND) cấp xã copy.xlsx,UBND Xã Ia Sao,09a,True
UBND Xã Ia Sao_09a_TP_CT_Kết quả chứng thực tại Ủy ban nhân dân (UBND) cấp xã.xlsx,UBND Xã Ia Sao,09a,True
UBND Xã Ia Tôr_09a_TP_CT_Kết quả chứng thực tại Ủy ban nhân dân (UBND) cấp xã copy.xlsx,UBND Xã Ia Tôr,09a,True
UBND Xã Ia Tôr_09a_TP_CT_Kết quả chứng thực tại Ủy ban nhân dân (UBND) cấp xã.xlsx,UBND Xã Ia Tôr,09a,True
UBND Xã Khoen On_09a_TP_CT_Kết quả chứng thực tại Ủy ban nhân dân (UBND) cấp xã copy.xlsx,UBND Xã Khoen On,09a,True
UBND Xã Khoen On_09a_TP_CT_Kết quả chứng thực tại Ủy ban nhân dân (UBND) cấp xã.xlsx,UBND Xã Khoen On,09a,True
UBND Xã Khun Há_09a_TP_CT_Kết quả chứng thực tại Ủy ban nhân dân (UBND) cấp xã copy.xlsx,UBND Xã Khun Há,09a,True
UBND Xã Khun Há_09a_TP_CT_Kết quả chứng thực tại Ủy ban nhân dân (UBND) cấp xã.xlsx,UBND Xã Khun Há,09a,True
UBND Xã Kháng Chiến_09a_TP_CT_Kết quả chứng thực tại Ủy ban nhân dân (UBND)(...).xlsx,UBND Xã Kháng Chiến,09a,True
UBND Xã Khánh Hưng_09a_TP_CT_Kết quả chứng thực tại Ủy ban nhân dân (UBND)(...) copy.xlsx,UBND Xã Khánh Hưng,09a,True
UBND Xã Khánh Hưng_09a_TP_CT_Kết quả chứng thực tại Ủy ban nhân dân (UBND)(...).xlsx,UBND Xã Khánh Hưng,09a,True
UBND Xã Khánh Nhạc_09a_TP_CT_Kết quả chứng thực tại Ủy ban nhân dân (UBND)(...).xlsx,UBND Xã Khánh Nhạc,09a,True
UBND Xã Khánh Thiện_09a_TP_CT_Kết quả chứng thực tại Ủy ban nhân dân (UBND)(...).xlsx,UBND Xã Khánh Thiện,09a,True
UBND Xã Khúc Thừa Dụ_09a_TP_CT_Kết quả chứng thực tại Ủy ban nhân dân (UBND(...).xlsx,UBND Xã Khúc Thừa Dụ,09a,True
UBND Xã Khả Cửu_09a_TP_CT_Kết quả chứng thực tại Ủy ban nhân dân (UBND) cấp xã.xlsx,UBND Xã Khả Cửu,09a,True
UBND Xã Kim Sơn_09a_TP_CT_Kết quả chứng thực tại Ủy ban nhân dân (UBND) cấp xã copy 2.xlsx,UBND Xã Kim Sơn,09a,True
UBND Xã Kim Sơn_09a_TP_CT_Kết quả chứng thực tại Ủy ban nhân dân (UBND) cấp xã copy.xlsx,UBND Xã Kim Sơn,09a,True
UBND Xã Kim Sơn_09a_TP_CT_Kết quả chứng thực tại Ủy ban nhân dân (UBND) cấp xã.xlsx,UBND Xã Kim Sơn,09a,True
UBND Xã Kim Đông_09a_TP_CT_Kết quả chứng thực tại Ủy ban nhân dân (UBND) cấp xã.xlsx,UBND Xã Kim Đông,09a,True
UBND Xã Kiều Phú_09a_TP_CT_Kết quả chứng thực tại Ủy ban nhân dân (UBND) cấp xã.xlsx,UBND Xã Kiều Phú,09a,True
UBND Xã Krông Nô_05b_TP_HGCS_Kết quả công tác hòa giải ở cơ sở trên địa bàn(...).xlsx,UBND Xã Krông Nô,05b,True
UBND Xã Krông Nô_09a_TP_CT_Kết quả chứng thực tại Ủy ban nhân dân (UBND) cấp xã.xlsx,UBND Xã Krông Nô,09a,True
UBND Xã Kông Bơ La_09a_TP_CT_Kết quả chứng thực tại Ủy ban nhân dân (UBND)(...) copy.xlsx,UBND Xã Kông Bơ La,09a,True
UBND Xã Kông Bơ La_09a_TP_CT_Kết quả chứng thực tại Ủy ban nhân dân (UBND)(...).xlsx,UBND Xã Kông Bơ La,09a,True
UBND Xã Kỳ Thượng_09a_TP_CT_Kết quả chứng thực tại Ủy ban nhân dân (UBND) cấp xã.xlsx,UBND Xã Kỳ Thượng,09a,True
UBND Xã la Băng_09a_TP_CT_Kết quả chứng thực tại Ủy ban nhân dân (UBND) cấp xã copy.xlsx,UBND Xã la Băng,09a,True
UBND Xã la Băng_09a_TP_CT_Kết quả chứng thực tại Ủy ban nhân dân (UBND) cấp xã.xlsx,UBND Xã la Băng,09a,True
UBND Xã Lam Sơn_09a_TP_CT_Kết quả chứng thực tại Ủy ban nhân dân (UBND) cấp xã.xlsx,UBND Xã Lam Sơn,09a,True
UBND Xã Linh Sơn_09a_TP_CT_Kết quả chứng thực tại Ủy ban nhân dân (UBND) cấp xã.xlsx,UBND Xã Linh Sơn,09a,True
UBND Xã Liên Bão_09a_TP_CT_Kết quả chứng thực tại Ủy ban nhân dân (UBND) cấp xã.xlsx,UBND Xã Liên Bão,09a,True
UBND Xã Liên Châu_09a_TP_CT_Kết quả chứng thực tại Ủy ban nhân dân (UBND) cấp xã.xlsx,UBND Xã Liên Châu,09a,True
UBND Xã Liên Minh_09a_TP_CT_Kết quả chứng thực tại Ủy ban nhân dân (UBND) cấp xã.xlsx,UBND Xã Liên Minh,09a,True
UBND Xã Long Hà_09a_TP_CT_Kết quả chứng thực tại Ủy ban nhân dân (UBND) cấp xã copy.xlsx,UBND Xã Long Hà,09a,True
UBND Xã Long Hà_09a_TP_CT_Kết quả chứng thực tại Ủy ban nhân dân (UBND) cấp xã.xlsx,UBND Xã Long Hà,09a,True
UBND Xã Long Thạnh_05b_TP_HGCS_Kết quả công tác hòa giải ở cơ sở trên địa b(...).xlsx,UBND Xã Long Thạnh,05b,True
UBND Xã Long Thạnh_09a_TP_CT_Kết quả chứng thực tại Ủy ban nhân dân (UBND)(...).xlsx,UBND Xã Long Thạnh,09a,True
UBND Xã Long Tiên_05b_TP_HGCS_Kết quả công tác hòa giải ở cơ sở trên địa bà(...).xlsx,UBND Xã Long Tiên,05b,True
UBND Xã Luận Thành_09a_TP_CT_Kết quả chứng thực tại Ủy ban nhân dân (UBND)(...).xlsx,UBND Xã Luận Thành,09a,True
UBND Xã Lâm Thao_05b_TP_HGCS_Kết quả công tác hòa giải ở cơ sở trên địa bàn(...).xlsx,UBND Xã Lâm Thao,05b,True
UBND Xã Lý Bôn_09a_TP_CT_Kết quả chứng thực tại Ủy ban nhân dân (UBND) cấp xã copy.xlsx,UBND Xã Lý Bôn,09a,True
UBND Xã Lý Bôn_09a_TP_CT_Kết quả chứng thực tại Ủy ban nhân dân (UBND) cấp xã.xlsx,UBND Xã Lý Bôn,09a,True
UBND Xã Lý Nhân_09a_TP_CT_Kết quả chứng thực tại Ủy ban nhân dân (UBND) cấp xã.xlsx,UBND Xã Lý Nhân,09a,True
UBND Xã Lũng Nặm_09a_TP_CT_Kết quả chứng thực tại Ủy ban nhân dân (UBND) cấp xã copy.xlsx,UBND Xã Lũng Nặm,09a,True
UBND Xã Lũng Nặm_09a_TP_CT_Kết quả chứng thực tại Ủy ban nhân dân (UBND) cấp xã.xlsx,UBND Xã Lũng Nặm,09a,True
UBND Xã Lưu Vệ_01a_TP_TĐ-BH_Số dự thảo (DT) văn bản quy phạm pháp luật (VBQ(...).xlsx,UBND Xã Lưu Vệ,01a,True
UBND Xã Lưu Vệ_09a_TP_CT_Kết quả chứng thực tại Ủy ban nhân dân (UBND) cấp xã.xlsx,UBND Xã Lưu Vệ,09a,True
UBND Xã Lương Tài_05b_TP_HGCS_Kết quả công tác hòa giải ở cơ sở trên địa bà(...).xlsx,UBND Xã Lương Tài,05b,True
UBND Xã Lương Tài_09a_TP_CT_Kết quả chứng thực tại Ủy ban nhân dân (UBND) cấp xã copy.xlsx,UBND Xã Lương Tài,09a,True
UBND Xã Lương Tài_09a_TP_CT_Kết quả chứng thực tại Ủy ban nhân dân (UBND) cấp xã.xlsx,UBND Xã Lương Tài,09a,True
UBND Xã Lượng Minh_04a_TP_PBGDPL_Kết quả công tác phổ biến giáo dục pháp lu(...).xlsx,UBND Xã Lượng Minh,04a,True
UBND Xã Lạng Giang_04a_TP_PBGDPL_Kết quả công tác phổ biến giáo dục pháp lu(...).xlsx,UBND Xã Lạng Giang,04a,True
UBND Xã Lợi Bác_09a_TP_CT_Kết quả chứng thực tại Ủy ban nhân dân (UBND) cấp xã.xlsx,UBND Xã Lợi Bác,09a,True
UBND Xã Minh Lương_09a_TP_CT_Kết quả chứng thực tại Ủy ban nhân dân (UBND)(...).xlsx,UBND Xã Minh Lương,09a,True
UBND Xã Minh Sơn_09a_TP_CT_Kết quả chứng thực tại Ủy ban nhân dân (UBND) cấp xã.xlsx,UBND Xã Minh Sơn,09a,True
UBND Xã Minh Tâm_09a_TP_CT_Kết quả chứng thực tại Ủy ban nhân dân (UBND) cấp xã.xlsx,UBND Xã Minh Tâm,09a,True
UBND Xã Mù Cả_09a_TP_CT_Kết quả chứng thực tại Ủy ban nhân dân (UBND) cấp xã copy.xlsx,UBND Xã Mù Cả,09a,True
UBND Xã Mù Cả_09a_TP_CT_Kết quả chứng thực tại Ủy ban nhân dân (UBND) cấp xã.xlsx,UBND Xã Mù Cả,09a,True
UBND Xã Mường Bo_04a_TP_PBGDPL_Kết quả công tác phổ biến giáo dục pháp luật(...).xlsx,UBND Xã Mường Bo,04a,True
UBND Xã Mường Bo_09a_TP_CT_Kết quả chứng thực tại Ủy ban nhân dân (UBND) cấp xã.xlsx,UBND Xã Mường Bo,09a,True
UBND Xã Mường Bú_09a_TP_CT_Kết quả chứng thực tại Ủy ban nhân dân (UBND) cấp xã.xlsx,UBND Xã Mường Bú,09a,True
UBND Xã Mường Lai_01a_TP_TĐ-BH_Số dự thảo (DT) văn bản quy phạm pháp luật ((...) copy.xlsx,UBND Xã Mường Lai,01a,True
UBND Xã Mường Lai_01a_TP_TĐ-BH_Số dự thảo (DT) văn bản quy phạm pháp luật ((...).xlsx,UBND Xã Mường Lai,01a,True
UBND Xã Mường Lát_09a_TP_CT_Kết quả chứng thực tại Ủy ban nhân dân (UBND) cấp xã.xlsx,UBND Xã Mường Lát,09a,True
UBND Xã Mường Lý_04a_TP_PBGDPL_Kết quả công tác phổ biến giáo dục pháp luật(...).xlsx,UBND Xã Mường Lý,04a,True
UBND Xã Mường Lý_09a_TP_CT_Kết quả chứng thực tại Ủy ban nhân dân (UBND) cấp xã.xlsx,UBND Xã Mường Lý,09a,True
UBND Xã Mường Mìn_04a_TP_PBGDPL_Kết quả công tác phổ biến giáo dục pháp luậ(...).xlsx,UBND Xã Mường Mìn,04a,True
UBND Xã Mường Mìn_09a_TP_CT_Kết quả chứng thực tại Ủy ban nhân dân (UBND) cấp xã.xlsx,UBND Xã Mường Mìn,09a,True
UBND Xã Mường Nhà_09a_TP_CT_Kết quả chứng thực tại Ủy ban nhân dân (UBND) cấp xã.xlsx,UBND Xã Mường Nhà,09a,True
UBND Xã Mường Quàng_09a_TP_CT_Kết quả chứng thực tại Ủy ban nhân dân (UBND)(...).xlsx,UBND Xã Mường Quàng,09a,True
UBND Xã Mường Tè_09a_TP_CT_Kết quả chứng thực tại Ủy ban nhân dân (UBND) cấp xã copy.xlsx,UBND Xã Mường Tè,09a,True
UBND Xã Mường Tè_09a_TP_CT_Kết quả chứng thực tại Ủy ban nhân dân (UBND) cấp xã.xlsx,UBND Xã Mường Tè,09a,True
UBND Xã Mộc Hóa_09a_TP_CT_Kết quả chứng thực tại Ủy ban nhân dân (UBND) cấp xã copy.xlsx,UBND Xã Mộc Hóa,09a,True
UBND Xã Mộc Hóa_09a_TP_CT_Kết quả chứng thực tại Ủy ban nhân dân (UBND) cấp xã.xlsx,UBND Xã Mộc Hóa,09a,True
UBND Xã Mỹ Hạnh_09a_TP_CT_Kết quả chứng thực tại Ủy ban nhân dân (UBND) cấp xã copy.xlsx,UBND Xã Mỹ Hạnh,09a,True
UBND Xã Mỹ Hạnh_09a_TP_CT_Kết quả chứng thực tại Ủy ban nhân dân (UBND) cấp xã.xlsx,UBND Xã Mỹ Hạnh,09a,True
UBND Xã Mỹ Lệ_09a_TP_CT_Kết quả chứng thực tại Ủy ban nhân dân (UBND) cấp xã copy.xlsx,UBND Xã Mỹ Lệ,09a,True
UBND Xã Mỹ Lệ_09a_TP_CT_Kết quả chứng thực tại Ủy ban nhân dân (UBND) cấp xã.xlsx,UBND Xã Mỹ Lệ,09a,True
UBND Xã Mỹ Lợi_09a_TP_CT_Kết quả chứng thực tại Ủy ban nhân dân (UBND) cấp xã.xlsx,UBND Xã Mỹ Lợi,09a,True
UBND Xã Mỹ Thái_09a_TP_CT_Kết quả chứng thực tại Ủy ban nhân dân (UBND) cấp xã.xlsx,UBND Xã Mỹ Thái,09a,True
UBND Xã Mỹ Thạnh_09a_TP_CT_Kết quả chứng thực tại Ủy ban nhân dân (UBND) cấp xã copy.xlsx,UBND Xã Mỹ Thạnh,09a,True
UBND Xã Mỹ Thạnh_09a_TP_CT_Kết quả chứng thực tại Ủy ban nhân dân (UBND) cấp xã.xlsx,UBND Xã Mỹ Thạnh,09a,True
UBND Xã Na Mèo_09a_TP_CT_Kết quả chứng thực tại Ủy ban nhân dân (UBND) cấp xã.xlsx,UBND Xã Na Mèo,09a,True
UBND Xã Na Sầm_09a_TP_CT_Kết quả chứng thực tại Ủy ban nhân dân (UBND) cấp xã.xlsx,UBND Xã Na Sầm,09a,True
UBND Xã Nam An Phụ_04a_TP_PBGDPL_Kết quả công tác phổ biến giáo dục pháp lu(...).xlsx,UBND Xã Nam An Phụ,04a,True
UBND Xã Nam Dong_05b_TP_HGCS_Kết quả công tác hòa giải ở cơ sở trên địa bàn(...) copy.xlsx,UBND Xã Nam Dong,05b,True
UBND Xã Nam Dong_05b_TP_HGCS_Kết quả công tác hòa giải ở cơ sở trên địa bàn(...).xlsx,UBND Xã Nam Dong,05b,True
UBND Xã Nam Dong_09a_TP_CT_Kết quả chứng thực tại Ủy ban nhân dân (UBND) cấp xã.xlsx,UBND Xã Nam Dong,09a,True
UBND Xã Nam Phù_09a_TP_CT_Kết quả chứng thực tại Ủy ban nhân dân (UBND) cấp xã.xlsx,UBND Xã Nam Phù,09a,True
UBND Xã Nam Quang_09a_TP_CT_Kết quả chứng thực tại Ủy ban nhân dân (UBND) cấp xã copy.xlsx,UBND Xã Nam Quang,09a,True
UBND Xã Nam Quang_09a_TP_CT_Kết quả chứng thực tại Ủy ban nhân dân (UBND) cấp xã.xlsx,UBND Xã Nam Quang,09a,True
UBND Xã Nam Sách_04a_TP_PBGDPL_Kết quả công tác phổ biến giáo dục pháp luật(...).xlsx,UBND Xã Nam Sách,04a,True
UBND Xã Nam Thành_01a_TP_TĐ-BH_Số dự thảo (DT) văn bản quy phạm pháp luật ((...).xlsx,UBND Xã Nam Thành,01a,True
UBND Xã Nam Tuấn_09a_TP_CT_Kết quả chứng thực tại Ủy ban nhân dân (UBND) cấp xã.xlsx,UBND Xã Nam Tuấn,09a,True
UBND Xã Nam Đông_09a_TP_CT_Kết quả chứng thực tại Ủy ban nhân dân (UBND) cấp xã.xlsx,UBND Xã Nam Đông,09a,True
UBND Xã Nga An_04a_TP_PBGDPL_Kết quả công tác phổ biến giáo dục pháp luật t(...).xlsx,UBND Xã Nga An,04a,True
UBND Xã Nga Sơn_09a_TP_CT_Kết quả chứng thực tại Ủy ban nhân dân (UBND) cấp xã.xlsx,UBND Xã Nga Sơn,09a,True
UBND Xã Nghi Lộc_04a_TP_PBGDPL_Kết quả công tác phổ biến giáo dục pháp luật(...).xlsx,UBND Xã Nghi Lộc,04a,True
UBND Xã Nghĩa Hưng_09a_TP_CT_Kết quả chứng thực tại Ủy ban nhân dân (UBND)(...).xlsx,UBND Xã Nghĩa Hưng,09a,True
UBND Xã Nghĩa Khánh_09a_TP_CT_Kết quả chứng thực tại Ủy ban nhân dân (UBND)(...).xlsx,UBND Xã Nghĩa Khánh,09a,True
UBND Xã Nghĩa Thọ_04a_TP_PBGDPL_Kết quả công tác phổ biến giáo dục pháp luậ(...).xlsx,UBND Xã Nghĩa Thọ,04a,True
UBND Xã Nghĩa Tá_09a_TP_CT_Kết quả chứng thực tại Ủy ban nhân dân (UBND) cấp xã.xlsx,UBND Xã Nghĩa Tá,09a,True
UBND Xã Nghĩa Đàn_04a_TP_PBGDPL_Kết quả công tác phổ biến giáo dục pháp luậ(...).xlsx,UBND Xã Nghĩa Đàn,04a,True
UBND Xã Nghĩa Đô_05b_TP_HGCS_Kết quả công tác hòa giải ở cơ sở trên địa bàn(...) copy.xlsx,UBND Xã Nghĩa Đô,05b,True
UBND Xã Nghĩa Đô_05b_TP_HGCS_Kết quả công tác hòa giải ở cơ sở trên địa bàn(...).xlsx,UBND Xã Nghĩa Đô,05b,True
UBND Xã Nghĩa Đô_09a_TP_CT_Kết quả chứng thực tại Ủy ban nhân dân (UBND) cấp xã copy.xlsx,UBND Xã Nghĩa Đô,09a,True
UBND Xã Nghĩa Đô_09a_TP_CT_Kết quả chứng thực tại Ủy ban nhân dân (UBND) cấp xã.xlsx,UBND Xã Nghĩa Đô,09a,True
UBND Xã Nguyễn Huệ_09a_TP_CT_Kết quả chứng thực tại Ủy ban nhân dân (UBND)(...) copy.xlsx,UBND Xã Nguyễn Huệ,09a,True
UBND Xã Nguyễn Huệ_09a_TP_CT_Kết quả chứng thực tại Ủy ban nhân dân (UBND)(...).xlsx,UBND Xã Nguyễn Huệ,09a,True
UBND Xã Nguyễn Nghiêm_09a_TP_CT_Kết quả chứng thực tại Ủy ban nhân dân (UBN(...).xlsx,UBND Xã Nguyễn Nghiêm,09a,True
UBND Xã Nguyễn Phích_09a_TP_CT_Kết quả chứng thực tại Ủy ban nhân dân (UBND(...) copy.xlsx,UBND Xã Nguyễn Phích,09a,True
UBND Xã Nguyễn Phích_09a_TP_CT_Kết quả chứng thực tại Ủy ban nhân dân (UBND(...).xlsx,UBND Xã Nguyễn Phích,09a,True
UBND Xã Ngân Sơn_09a_TP_CT_Kết quả chứng thực tại Ủy ban nhân dân (UBND) cấp xã.xlsx,UBND Xã Ngân Sơn,09a,True
UBND Xã Ngũ Lạc_05b_TP_HGCS_Kết quả công tác hòa giải ở cơ sở trên địa bàn(...).xlsx,UBND Xã Ngũ Lạc,05b,True
UBND Xã Ngọc Hồi_09a_TP_CT_Kết quả chứng thực tại Ủy ban nhân dân (UBND) cấp xã copy.xlsx,UBND Xã Ngọc Hồi,09a,True
UBND Xã Ngọc Hồi_09a_TP_CT_Kết quả chứng thực tại Ủy ban nhân dân (UBND) cấp xã.xlsx,UBND Xã Ngọc Hồi,09a,True
UBND Xã Ngọc Thiện_09a_TP_CT_Kết quả chứng thực tại Ủy ban nhân dân (UBND)(...).xlsx,UBND Xã Ngọc Thiện,09a,True
UBND Xã Ngọc Trạo_04a_TP_PBGDPL_Kết quả công tác phổ biến giáo dục pháp luậ(...).xlsx,UBND Xã Ngọc Trạo,04a,True
UBND Xã Nhân Thắng_09a_TP_CT_Kết quả chứng thực tại Ủy ban nhân dân (UBND)(...).xlsx,UBND Xã Nhân Thắng,09a,True
UBND Xã Nhã Nam_09a_TP_CT_Kết quả chứng thực tại Ủy ban nhân dân (UBND) cấp xã.xlsx,UBND Xã Nhã Nam,09a,True
UBND Xã Nhơn Hòa Lập_05b_TP_HGCS_Kết quả công tác hòa giải ở cơ sở trên địa(...).xlsx,UBND Xã Nhơn Hòa Lập,05b,True
UBND Xã Như Thanh_09a_TP_CT_Kết quả chứng thực tại Ủy ban nhân dân (UBND) cấp xã.xlsx,UBND Xã Như Thanh,09a,True
UBND Xã Nhất Hòa_09a_TP_CT_Kết quả chứng thực tại Ủy ban nhân dân (UBND) cấp xã.xlsx,UBND Xã Nhất Hòa,09a,True
UBND Xã Ninh Điền_05b_TP_HGCS_Kết quả công tác hòa giải ở cơ sở trên địa bà(...) copy.xlsx,UBND Xã Ninh Điền,05b,True
UBND Xã Ninh Điền_05b_TP_HGCS_Kết quả công tác hòa giải ở cơ sở trên địa bà(...).xlsx,UBND Xã Ninh Điền,05b,True
UBND Xã Nâm Nung_09a_TP_CT_Kết quả chứng thực tại Ủy ban nhân dân (UBND) cấp xã.xlsx,UBND Xã Nâm Nung,09a,True
UBND Xã Nông Cống_05b_TP_HGCS_Kết quả công tác hòa giải ở cơ sở trên địa bà(...).xlsx,UBND Xã Nông Cống,05b,True
UBND Xã Nông Cống_09a_TP_CT_Kết quả chứng thực tại Ủy ban nhân dân (UBND) cấp xã copy.xlsx,UBND Xã Nông Cống,09a,True
UBND Xã Nông Cống_09a_TP_CT_Kết quả chứng thực tại Ủy ban nhân dân (UBND) cấp xã.xlsx,UBND Xã Nông Cống,09a,True
UBND Xã Núa Ngam_09a_TP_CT_Kết quả chứng thực tại Ủy ban nhân dân (UBND) cấp xã.xlsx,UBND Xã Núa Ngam,09a,True
UBND Xã Núi Cấm_09a_TP_CT_Kết quả chứng thực tại Ủy ban nhân dân (UBND) cấp xã.xlsx,UBND Xã Núi Cấm,09a,True
UBND Xã Năm Căn_09a_TP_CT_Kết quả chứng thực tại Ủy ban nhân dân (UBND) cấp xã.xlsx,UBND Xã Năm Căn,09a,True
UBND Xã Nậm Cuổi_09a_TP_CT_Kết quả chứng thực tại Ủy ban nhân dân (UBND) cấp xã copy.xlsx,UBND Xã Nậm Cuổi,09a,True
UBND Xã Nậm Cuổi_09a_TP_CT_Kết quả chứng thực tại Ủy ban nhân dân (UBND) cấp xã.xlsx,UBND Xã Nậm Cuổi,09a,True
UBND Xã Nậm Cắn_09a_TP_CT_Kết quả chứng thực tại Ủy ban nhân dân (UBND) cấp xã.xlsx,UBND Xã Nậm Cắn,09a,True
UBND Xã Nậm Kè_09a_TP_CT_Kết quả chứng thực tại Ủy ban nhân dân (UBND) cấp xã.xlsx,UBND Xã Nậm Kè,09a,True
UBND Xã Nậm Sỏ_09a_TP_CT_Kết quả chứng thực tại Ủy ban nhân dân (UBND) cấp xã.xlsx,UBND Xã Nậm Sỏ,09a,True
UBND Xã Nật Sơn_05b_TP_HGCS_Kết quả công tác hòa giải ở cơ sở trên địa bàn(...) copy.xlsx,UBND Xã Nật Sơn,05b,True
UBND Xã Nật Sơn_05b_TP_HGCS_Kết quả công tác hòa giải ở cơ sở trên địa bàn(...).xlsx,UBND Xã Nật Sơn,05b,True
UBND Xã Nội Bài_09a_TP_CT_Kết quả chứng thực tại Ủy ban nhân dân (UBND) cấp xã copy.xlsx,UBND Xã Nội Bài,09a,True
UBND Xã Nội Bài_09a_TP_CT_Kết quả chứng thực tại Ủy ban nhân dân (UBND) cấp xã.xlsx,UBND Xã Nội Bài,09a,True
UBND Xã Pa Tần_09a_TP_CT_Kết quả chứng thực tại Ủy ban nhân dân (UBND) cấp xã.xlsx,UBND Xã Pa Tần,09a,True
UBND Xã Pa Ủ_09a_TP_CT_Kết quả chứng thực tại Ủy ban nhân dân (UBND) cấp xã copy.xlsx,UBND Xã Pa Ủ,09a,True
UBND Xã Pa Ủ_09a_TP_CT_Kết quả chứng thực tại Ủy ban nhân dân (UBND) cấp xã.xlsx,UBND Xã Pa Ủ,09a,True
UBND Xã Phan Ngọc Hiển_09a_TP_CT_Kết quả chứng thực tại Ủy ban nhân dân (UB(...) copy.xlsx,UBND Xã Phan Ngọc Hiển,09a,True
UBND Xã Phan Ngọc Hiển_09a_TP_CT_Kết quả chứng thực tại Ủy ban nhân dân (UB(...).xlsx,UBND Xã Phan Ngọc Hiển,09a,True
UBND Xã Phong Dụ Hạ_09a_TP_CT_Kết quả chứng thực tại Ủy ban nhân dân (UBND)(...).xlsx,UBND Xã Phong Dụ Hạ,09a,True
UBND Xã Phong Dụ Thượng_05b_TP_HGCS_Kết quả công tác hòa giải ở cơ sở trên(...).xlsx,UBND Xã Phong Dụ Thượng,05b,True
UBND Xã Phong Dụ Thượng_09a_TP_CT_Kết quả chứng thực tại Ủy ban nhân dân (U(...).xlsx,UBND Xã Phong Dụ Thượng,09a,True
UBND Xã Phong Quang_09a_TP_CT_Kết quả chứng thực tại Ủy ban nhân dân (UBND)(...).xlsx,UBND Xã Phong Quang,09a,True
UBND Xã Phát Diệm_09a_TP_CT_Kết quả chứng thực tại Ủy ban nhân dân (UBND) cấp xã copy.xlsx,UBND Xã Phát Diệm,09a,True
UBND Xã Phát Diệm_09a_TP_CT_Kết quả chứng thực tại Ủy ban nhân dân (UBND) cấp xã.xlsx,UBND Xã Phát Diệm,09a,True
UBND Xã Phù Cát_09a_TP_CT_Kết quả chứng thực tại Ủy ban nhân dân (UBND) cấp xã.xlsx,UBND Xã Phù Cát,09a,True
UBND Xã Phù Mỹ Bắc_09a_TP_CT_Kết quả chứng thực tại Ủy ban nhân dân (UBND)(...) copy.xlsx,UBND Xã Phù Mỹ Bắc,09a,True
UBND Xã Phù Mỹ Bắc_09a_TP_CT_Kết quả chứng thực tại Ủy ban nhân dân (UBND)(...).xlsx,UBND Xã Phù Mỹ Bắc,09a,True
UBND Xã Phù Đổng_09a_TP_CT_Kết quả chứng thực tại Ủy ban nhân dân (UBND) cấp xã.xlsx,UBND Xã Phù Đổng,09a,True
UBND Xã Phú Bình_09a_TP_CT_Kết quả chứng thực tại Ủy ban nhân dân (UBND) cấp xã copy.xlsx,UBND Xã Phú Bình,09a,True
UBND Xã Phú Bình_09a_TP_CT_Kết quả chứng thực tại Ủy ban nhân dân (UBND) cấp xã.xlsx,UBND Xã Phú Bình,09a,True
UBND Xã Phú Hòa Đông_05b_TP_HGCS_Kết quả công tác hòa giải ở cơ sở trên địa(...) copy.xlsx,UBND Xã Phú Hòa Đông,05b,True
UBND Xã Phú Hòa Đông_05b_TP_HGCS_Kết quả công tác hòa giải ở cơ sở trên địa(...).xlsx,UBND Xã Phú Hòa Đông,05b,True
UBND Xã Phú Hồ_09a_TP_CT_Kết quả chứng thực tại Ủy ban nhân dân (UBND) cấp xã copy.xlsx,UBND Xã Phú Hồ,09a,True
UBND Xã Phú Hồ_09a_TP_CT_Kết quả chứng thực tại Ủy ban nhân dân (UBND) cấp xã.xlsx,UBND Xã Phú Hồ,09a,True
UBND Xã Phú Linh_05b_TP_HGCS_Kết quả công tác hòa giải ở cơ sở trên địa bàn(...) copy.xlsx,UBND Xã Phú Linh,05b,True
UBND Xã Phú Linh_05b_TP_HGCS_Kết quả công tác hòa giải ở cơ sở trên địa bàn(...).xlsx,UBND Xã Phú Linh,05b,True
UBND Xã Phú Lệ_04a_TP_PBGDPL_Kết quả công tác phổ biến giáo dục pháp luật t(...).xlsx,UBND Xã Phú Lệ,04a,True
UBND Xã Phú Lệ_09a_TP_CT_Kết quả chứng thực tại Ủy ban nhân dân (UBND) cấp xã.xlsx,UBND Xã Phú Lệ,09a,True
UBND Xã Phú Mỹ_09a_TP_CT_Kết quả chứng thực tại Ủy ban nhân dân (UBND) cấp xã.xlsx,UBND Xã Phú Mỹ,09a,True
UBND Xã Phú Nghĩa_09a_TP_CT_Kết quả chứng thực tại Ủy ban nhân dân (UBND) cấp xã copy.xlsx,UBND Xã Phú Nghĩa,09a,True
UBND Xã Phú Nghĩa_09a_TP_CT_Kết quả chứng thực tại Ủy ban nhân dân (UBND) cấp xã.xlsx,UBND Xã Phú Nghĩa,09a,True
UBND Xã Phú Túc_09a_TP_CT_Kết quả chứng thực tại Ủy ban nhân dân (UBND) cấp xã copy.xlsx,UBND Xã Phú Túc,09a,True
UBND Xã Phú Túc_09a_TP_CT_Kết quả chứng thực tại Ủy ban nhân dân (UBND) cấp xã.xlsx,UBND Xã Phú Túc,09a,True
UBND Xã Phú Vinh_09a_TP_CT_Kết quả chứng thực tại Ủy ban nhân dân (UBND) cấp xã copy.xlsx,UBND Xã Phú Vinh,09a,True
UBND Xã Phú Vinh_09a_TP_CT_Kết quả chứng thực tại Ủy ban nhân dân (UBND) cấp xã.xlsx,UBND Xã Phú Vinh,09a,True
UBND Xã Phú Xuyên_09a_TP_CT_Kết quả chứng thực tại Ủy ban nhân dân (UBND) cấp xã.xlsx,UBND Xã Phú Xuyên,09a,True
UBND Xã Phú Đình_09a_TP_CT_Kết quả chứng thực tại Ủy ban nhân dân (UBND) cấp xã.xlsx,UBND Xã Phú Đình,09a,True
UBND Xã Phúc Hòa_05b_TP_HGCS_Kết quả công tác hòa giải ở cơ sở trên địa bàn(...).xlsx,UBND Xã Phúc Hòa,05b,True
UBND Xã Phúc Thịnh_09a_TP_CT_Kết quả chứng thực tại Ủy ban nhân dân (UBND)(...) copy.xlsx,UBND Xã Phúc Thịnh,09a,True
UBND Xã Phúc Thịnh_09a_TP_CT_Kết quả chứng thực tại Ủy ban nhân dân (UBND)(...).xlsx,UBND Xã Phúc Thịnh,09a,True
UBND Xã Phục Hòa_09a_TP_CT_Kết quả chứng thực tại Ủy ban nhân dân (UBND) cấp xã copy.xlsx,UBND Xã Phục Hòa,09a,True
UBND Xã Phục Hòa_09a_TP_CT_Kết quả chứng thực tại Ủy ban nhân dân (UBND) cấp xã.xlsx,UBND Xã Phục Hòa,09a,True
UBND Xã Pu Sam Cáp_09a_TP_CT_Kết quả chứng thực tại Ủy ban nhân dân (UBND)(...) copy.xlsx,UBND Xã Pu Sam Cáp,09a,True
UBND Xã Pu Sam Cáp_09a_TP_CT_Kết quả chứng thực tại Ủy ban nhân dân (UBND)(...).xlsx,UBND Xã Pu Sam Cáp,09a,True
UBND Xã Pà Cò_01a_TP_TĐ-BH_Số dự thảo (DT) văn bản quy phạm pháp luật (VBQP(...).xlsx,UBND Xã Pà Cò,01a,True
UBND Xã Quan Sơn_09a_TP_CT_Kết quả chứng thực tại Ủy ban nhân dân (UBND) cấp xã copy.xlsx,UBND Xã Quan Sơn,09a,True
UBND Xã Quan Sơn_09a_TP_CT_Kết quả chứng thực tại Ủy ban nhân dân (UBND) cấp xã.xlsx,UBND Xã Quan Sơn,09a,True
UBND Xã Quang Minh_09a_TP_CT_Kết quả chứng thực tại Ủy ban nhân dân (UBND)(...) copy.xlsx,UBND Xã Quang Minh,09a,True
UBND Xã Quang Minh_09a_TP_CT_Kết quả chứng thực tại Ủy ban nhân dân (UBND)(...).xlsx,UBND Xã Quang Minh,09a,True
UBND Xã Quang Sơn_09a_TP_CT_Kết quả chứng thực tại Ủy ban nhân dân (UBND) cấp xã.xlsx,UBND Xã Quang Sơn,09a,True
UBND Xã Quang Thiện_09a_TP_CT_Kết quả chứng thực tại Ủy ban nhân dân (UBND)(...).xlsx,UBND Xã Quang Thiện,09a,True
UBND Xã Quy Đức_09a_TP_CT_Kết quả chứng thực tại Ủy ban nhân dân (UBND) cấp xã.xlsx,UBND Xã Quy Đức,09a,True
UBND Xã Quý Lương_09a_TP_CT_Kết quả chứng thực tại Ủy ban nhân dân (UBND) cấp xã.xlsx,UBND Xã Quý Lương,09a,True
UBND Xã Quảng Bị_09a_TP_CT_Kết quả chứng thực tại Ủy ban nhân dân (UBND) cấp xã.xlsx,UBND Xã Quảng Bị,09a,True
UBND Xã Quảng Hà_09a_TP_CT_Kết quả chứng thực tại Ủy ban nhân dân (UBND) cấp xã.xlsx,UBND Xã Quảng Hà,09a,True
UBND Xã Quảng Lâm_09a_TP_CT_Kết quả chứng thực tại Ủy ban nhân dân (UBND) cấp xã.xlsx,UBND Xã Quảng Lâm,09a,True
UBND Xã Quảng Ninh_09a_TP_CT_Kết quả chứng thực tại Ủy ban nhân dân (UBND)(...).xlsx,UBND Xã Quảng Ninh,09a,True
UBND Xã Quảng Oai_09a_TP_CT_Kết quả chứng thực tại Ủy ban nhân dân (UBND) cấp xã copy.xlsx,UBND Xã Quảng Oai,09a,True
UBND Xã Quảng Oai_09a_TP_CT_Kết quả chứng thực tại Ủy ban nhân dân (UBND) cấp xã.xlsx,UBND Xã Quảng Oai,09a,True
UBND Xã Quảng Yên_09a_TP_CT_Kết quả chứng thực tại Ủy ban nhân dân (UBND) cấp xã (2).xlsx,UBND Xã Quảng Yên,09a,True
UBND Xã Quảng Yên_09a_TP_CT_Kết quả chứng thực tại Ủy ban nhân dân (UBND) cấp xã.xlsx,UBND Xã Quảng Yên,09a,True
UBND Xã Quốc Oai_09a_TP_CT_Kết quả chứng thực tại Ủy ban nhân dân (UBND) cấp xã.xlsx,UBND Xã Quốc Oai,09a,True
UBND Xã Quốc Việt_09a_TP_CT_Kết quả chứng thực tại Ủy ban nhân dân (UBND) cấp xã.xlsx,UBND Xã Quốc Việt,09a,True
UBND Xã Quỳ Châu_09a_TP_CT_Kết quả chứng thực tại Ủy ban nhân dân (UBND) cấp xã.xlsx,UBND Xã Quỳ Châu,09a,True
UBND Xã Sao Vàng_09a_TP_CT_Kết quả chứng thực tại Ủy ban nhân dân (UBND) cấp xã.xlsx,UBND Xã Sao Vàng,09a,True
UBND Xã Sin Suối Hồ_09a_TP_CT_Kết quả chứng thực tại Ủy ban nhân dân (UBND)(...).xlsx,UBND Xã Sin Suối Hồ,09a,True
UBND Xã Sì Lở Lầu_09a_TP_CT_Kết quả chứng thực tại Ủy ban nhân dân (UBND) cấp xã copy.xlsx,UBND Xã Sì Lở Lầu,09a,True
UBND Xã Sì Lở Lầu_09a_TP_CT_Kết quả chứng thực tại Ủy ban nhân dân (UBND) cấp xã.xlsx,UBND Xã Sì Lở Lầu,09a,True
UBND Xã Sín Chải_09a_TP_CT_Kết quả chứng thực tại Ủy ban nhân dân (UBND) cấp xã.xlsx,UBND Xã Sín Chải,09a,True
UBND Xã Sóc Sơn_09a_TP_CT_Kết quả chứng thực tại Ủy ban nhân dân (UBND) cấp xã copy.xlsx,UBND Xã Sóc Sơn,09a,True
UBND Xã Sóc Sơn_09a_TP_CT_Kết quả chứng thực tại Ủy ban nhân dân (UBND) cấp xã.xlsx,UBND Xã Sóc Sơn,09a,True
UBND Xã Sông Lũy_05b_TP_HGCS_Kết quả công tác hòa giải ở cơ sở trên địa bàn(...) copy.xlsx,UBND Xã Sông Lũy,05b,True
UBND Xã Sông Lũy_05b_TP_HGCS_Kết quả công tác hòa giải ở cơ sở trên địa bàn(...).xlsx,UBND Xã Sông Lũy,05b,True
UBND Xã Sơn Kỳ_09a_TP_CT_Kết quả chứng thực tại Ủy ban nhân dân (UBND) cấp xã.xlsx,UBND Xã Sơn Kỳ,09a,True
UBND Xã Sơn Lang_09a_TP_CT_Kết quả chứng thực tại Ủy ban nhân dân (UBND) cấp xã copy.xlsx,UBND Xã Sơn Lang,09a,True
UBND Xã Sơn Lang_09a_TP_CT_Kết quả chứng thực tại Ủy ban nhân dân (UBND) cấp xã.xlsx,UBND Xã Sơn Lang,09a,True
UBND Xã Sơn Thủy_09a_TP_CT_Kết quả chứng thực tại Ủy ban nhân dân (UBND) cấp xã copy.xlsx,UBND Xã Sơn Thủy,09a,True
UBND Xã Sơn Thủy_09a_TP_CT_Kết quả chứng thực tại Ủy ban nhân dân (UBND) cấp xã.xlsx,UBND Xã Sơn Thủy,09a,True
UBND Xã Sơn Động_09a_TP_CT_Kết quả chứng thực tại Ủy ban nhân dân (UBND) cấp xã.xlsx,UBND Xã Sơn Động,09a,True
UBND Xã Tam Chung_09a_TP_CT_Kết quả chứng thực tại Ủy ban nhân dân (UBND) cấp xã.xlsx,UBND Xã Tam Chung,09a,True
UBND Xã Tam Dương_09a_TP_CT_Kết quả chứng thực tại Ủy ban nhân dân (UBND) cấp xã.xlsx,UBND Xã Tam Dương,09a,True
UBND Xã Tam Giang_09a_TP_CT_Kết quả chứng thực tại Ủy ban nhân dân (UBND) cấp xã.xlsx,UBND Xã Tam Giang,09a,True
UBND Xã Tam Hồng_09a_TP_CT_Kết quả chứng thực tại Ủy ban nhân dân (UBND) cấp xã.xlsx,UBND Xã Tam Hồng,09a,True
UBND Xã Tam Nông_09a_TP_CT_Kết quả chứng thực tại Ủy ban nhân dân (UBND) cấp xã.xlsx,UBND Xã Tam Nông,09a,True
UBND Xã Tam Đảo_09a_TP_CT_Kết quả chứng thực tại Ủy ban nhân dân (UBND) cấp xã.xlsx,UBND Xã Tam Đảo,09a,True
UBND Xã Tam Đồng_09a_TP_CT_Kết quả chứng thực tại Ủy ban nhân dân (UBND) cấp xã.xlsx,UBND Xã Tam Đồng,09a,True
UBND Xã Thanh Ba_09a_TP_CT_Kết quả chứng thực tại Ủy ban nhân dân (UBND) cấp xã.xlsx,UBND Xã Thanh Ba,09a,True
UBND Xã Thanh Lâm_09a_TP_CT_Kết quả chứng thực tại Ủy ban nhân dân (UBND) cấp xã copy.xlsx,UBND Xã Thanh Lâm,09a,True
UBND Xã Thanh Lâm_09a_TP_CT_Kết quả chứng thực tại Ủy ban nhân dân (UBND) cấp xã.xlsx,UBND Xã Thanh Lâm,09a,True
UBND Xã Thanh Miện_04a_TP_PBGDPL_Kết quả công tác phổ biến giáo dục pháp lu(...).xlsx,UBND Xã Thanh Miện,04a,True
UBND Xã Thanh Mỹ_05b_TP_HGCS_Kết quả công tác hòa giải ở cơ sở trên địa bàn(...).xlsx,UBND Xã Thanh Mỹ,05b,True
UBND Xã Thanh Oai_09a_TP_CT_Kết quả chứng thực tại Ủy ban nhân dân (UBND) cấp xã copy.xlsx,UBND Xã Thanh Oai,09a,True
UBND Xã Thanh Oai_09a_TP_CT_Kết quả chứng thực tại Ủy ban nhân dân (UBND) cấp xã.xlsx,UBND Xã Thanh Oai,09a,True
UBND Xã Thanh Sơn_09a_TP_CT_Kết quả chứng thực tại Ủy ban nhân dân (UBND) cấp xã.xlsx,UBND Xã Thanh Sơn,09a,True
UBND Xã Thanh Tùng_09a_TP_CT_Kết quả chứng thực tại Ủy ban nhân dân (UBND)(...) copy.xlsx,UBND Xã Thanh Tùng,09a,True
UBND Xã Thanh Tùng_09a_TP_CT_Kết quả chứng thực tại Ủy ban nhân dân (UBND)(...).xlsx,UBND Xã Thanh Tùng,09a,True
UBND Xã Thiên Lộc_09a_TP_CT_Kết quả chứng thực tại Ủy ban nhân dân (UBND) cấp xã.xlsx,UBND Xã Thiên Lộc,09a,True
UBND Xã Thiết Ống_09a_TP_CT_Kết quả chứng thực tại Ủy ban nhân dân (UBND) cấp xã copy.xlsx,UBND Xã Thiết Ống,09a,True
UBND Xã Thiết Ống_09a_TP_CT_Kết quả chứng thực tại Ủy ban nhân dân (UBND) cấp xã.xlsx,UBND Xã Thiết Ống,09a,True
UBND Xã Thiện Hòa_05b_TP_HGCS_Kết quả công tác hòa giải ở cơ sở trên địa bà(...).xlsx,UBND Xã Thiện Hòa,05b,True
UBND Xã Thiệu Tiến_09a_TP_CT_Kết quả chứng thực tại Ủy ban nhân dân (UBND)(...).xlsx,UBND Xã Thiệu Tiến,09a,True
UBND Xã Thiệu Toán_09a_TP_CT_Kết quả chứng thực tại Ủy ban nhân dân (UBND)(...).xlsx,UBND Xã Thiệu Toán,09a,True
UBND Xã Thu Cúc_09a_TP_CT_Kết quả chứng thực tại Ủy ban nhân dân (UBND) cấp xã.xlsx,UBND Xã Thu Cúc,09a,True
UBND Xã Thu Lũm_09a_TP_CT_Kết quả chứng thực tại Ủy ban nhân dân (UBND) cấp xã copy.xlsx,UBND Xã Thu Lũm,09a,True
UBND Xã Thu Lũm_09a_TP_CT_Kết quả chứng thực tại Ủy ban nhân dân (UBND) cấp xã.xlsx,UBND Xã Thu Lũm,09a,True
UBND Xã Thuần Trung_09a_TP_CT_Kết quả chứng thực tại Ủy ban nhân dân (UBND)(...).xlsx,UBND Xã Thuần Trung,09a,True
UBND Xã Thuận An_09a_TP_CT_Kết quả chứng thực tại Ủy ban nhân dân (UBND) cấp xã.xlsx,UBND Xã Thuận An,09a,True
UBND Xã Thành Công_09a_TP_CT_Kết quả chứng thực tại Ủy ban nhân dân (UBND)(...).xlsx,UBND Xã Thành Công,09a,True
UBND Xã Thái Bình_05b_TP_HGCS_Kết quả công tác hòa giải ở cơ sở trên địa bà(...) copy.xlsx,UBND Xã Thái Bình,05b,True
UBND Xã Thái Bình_05b_TP_HGCS_Kết quả công tác hòa giải ở cơ sở trên địa bà(...).xlsx,UBND Xã Thái Bình,05b,True
UBND Xã Thái Tân_09a_TP_CT_Kết quả chứng thực tại Ủy ban nhân dân (UBND) cấp xã.xlsx,UBND Xã Thái Tân,09a,True
UBND Xã Tháp Mười_05b_TP_HGCS_Kết quả công tác hòa giải ở cơ sở trên địa bà(...).xlsx,UBND Xã Tháp Mười,05b,True
UBND Xã Thường Phước_05b_TP_HGCS_Kết quả công tác hòa giải ở cơ sở trên địa(...).xlsx,UBND Xã Thường Phước,05b,True
UBND Xã Thường Tín_09a_TP_CT_Kết quả chứng thực tại Ủy ban nhân dân (UBND)(...) copy.xlsx,UBND Xã Thường Tín,09a,True
UBND Xã Thường Tín_09a_TP_CT_Kết quả chứng thực tại Ủy ban nhân dân (UBND)(...).xlsx,UBND Xã Thường Tín,09a,True
UBND Xã Thượng Bằng La_01a_TP_TĐ-BH_Số dự thảo (DT) văn bản quy phạm pháp l(...) copy.xlsx,UBND Xã Thượng Bằng La,01a,True
UBND Xã Thượng Bằng La_01a_TP_TĐ-BH_Số dự thảo (DT) văn bản quy phạm pháp l(...).xlsx,UBND Xã Thượng Bằng La,01a,True
UBND Xã Thượng Bằng La_04a_TP_PBGDPL_Kết quả công tác phổ biến giáo dục phá(...) copy.xlsx,UBND Xã Thượng Bằng La,04a,True
UBND Xã Thượng Bằng La_04a_TP_PBGDPL_Kết quả công tác phổ biến giáo dục phá(...).xlsx,UBND Xã Thượng Bằng La,04a,True
UBND Xã Thượng Bằng La_05b_TP_HGCS_Kết quả công tác hòa giải ở cơ sở trên đ(...) copy.xlsx,UBND Xã Thượng Bằng La,05b,True
UBND Xã Thượng Bằng La_05b_TP_HGCS_Kết quả công tác hòa giải ở cơ sở trên đ(...).xlsx,UBND Xã Thượng Bằng La,05b,True
UBND Xã Thượng Bằng La_08a_TP_CNTN_Kết quả đăng ký nuôi con nuôi trong nước(...) copy.xlsx,UBND Xã Thượng Bằng La,08a,True
UBND Xã Thượng Bằng La_08a_TP_CNTN_Kết quả đăng ký nuôi con nuôi trong nước(...).xlsx,UBND Xã Thượng Bằng La,08a,True
UBND Xã Thượng Bằng La_09a_TP_CT_Kết quả chứng thực tại Ủy ban nhân dân (UB(...) copy.xlsx,UBND Xã Thượng Bằng La,09a,True
UBND Xã Thượng Bằng La_09a_TP_CT_Kết quả chứng thực tại Ủy ban nhân dân (UB(...).xlsx,UBND Xã Thượng Bằng La,09a,True
UBND Xã Thượng Ninh_09a_TP_CT_Kết quả chứng thực tại Ủy ban nhân dân (UBND)(...).xlsx,UBND Xã Thượng Ninh,09a,True
UBND Xã Thạch Thất_09a_TP_CT_Kết quả chứng thực tại Ủy ban nhân dân (UBND)(...) copy.xlsx,UBND Xã Thạch Thất,09a,True
UBND Xã Thạch Thất_09a_TP_CT_Kết quả chứng thực tại Ủy ban nhân dân (UBND)(...).xlsx,UBND Xã Thạch Thất,09a,True
UBND Xã Thạnh Hóa_05b_TP_HGCS_Kết quả công tác hòa giải ở cơ sở trên địa bà(...).xlsx,UBND Xã Thạnh Hóa,05b,True
UBND Xã Thạnh Trị_01a_TP_TĐ-BH_Số dự thảo (DT) văn bản quy phạm pháp luật ((...) copy.xlsx,UBND Xã Thạnh Trị,01a,True
UBND Xã Thạnh Trị_01a_TP_TĐ-BH_Số dự thảo (DT) văn bản quy phạm pháp luật ((...).xlsx,UBND Xã Thạnh Trị,01a,True
UBND Xã Thất Khê_09a_TP_CT_Kết quả chứng thực tại Ủy ban nhân dân (UBND) cấp xã.xlsx,UBND Xã Thất Khê,09a,True
UBND Xã Thần Sa_09a_TP_CT_Kết quả chứng thực tại Ủy ban nhân dân (UBND) cấp xã copy.xlsx,UBND Xã Thần Sa,09a,True
UBND Xã Thần Sa_09a_TP_CT_Kết quả chứng thực tại Ủy ban nhân dân (UBND) cấp xã.xlsx,UBND Xã Thần Sa,09a,True
UBND Xã Thắng Lộc_04a_TP_PBGDPL_Kết quả công tác phổ biến giáo dục pháp luậ(...).xlsx,UBND Xã Thắng Lộc,04a,True
UBND Xã Thắng Lộc_09a_TP_CT_Kết quả chứng thực tại Ủy ban nhân dân (UBND) cấp xã.xlsx,UBND Xã Thắng Lộc,09a,True
UBND Xã Thắng Lợi_09a_TP_CT_Kết quả chứng thực tại Ủy ban nhân dân (UBND) cấp xã.xlsx,UBND Xã Thắng Lợi,09a,True
UBND Xã Thọ Bình_09a_TP_CT_Kết quả chứng thực tại Ủy ban nhân dân (UBND) cấp xã copy.xlsx,UBND Xã Thọ Bình,09a,True
UBND Xã Thọ Bình_09a_TP_CT_Kết quả chứng thực tại Ủy ban nhân dân (UBND) cấp xã.xlsx,UBND Xã Thọ Bình,09a,True
UBND Xã Thọ Long_09a_TP_CT_Kết quả chứng thực tại Ủy ban nhân dân (UBND) cấp xã copy.xlsx,UBND Xã Thọ Long,09a,True
UBND Xã Thọ Long_09a_TP_CT_Kết quả chứng thực tại Ủy ban nhân dân (UBND) cấp xã.xlsx,UBND Xã Thọ Long,09a,True
UBND Xã Thọ Văn_09a_TP_CT_Kết quả chứng thực tại Ủy ban nhân dân (UBND) cấp xã.xlsx,UBND Xã Thọ Văn,09a,True
UBND Xã Thọ Xuân_09a_TP_CT_Kết quả chứng thực tại Ủy ban nhân dân (UBND) cấp xã.xlsx,UBND Xã Thọ Xuân,09a,True
UBND Xã Thống Nhất_05b_TP_HGCS_Kết quả công tác hòa giải ở cơ sở trên địa b(...) copy.xlsx,UBND Xã Thống Nhất,05b,True
UBND Xã Thống Nhất_05b_TP_HGCS_Kết quả công tác hòa giải ở cơ sở trên địa b(...).xlsx,UBND Xã Thống Nhất,05b,True
UBND Xã Thống Nhất_09a_TP_CT_Kết quả chứng thực tại Ủy ban nhân dân (UBND)(...).xlsx,UBND Xã Thống Nhất,09a,True
UBND Xã Thới Lai_09a_TP_CT_Kết quả chứng thực tại Ủy ban nhân dân (UBND) cấp xã.xlsx,UBND Xã Thới Lai,09a,True
UBND Xã Tiên Du_09a_TP_CT_Kết quả chứng thực tại Ủy ban nhân dân (UBND) cấp xã.xlsx,UBND Xã Tiên Du,09a,True
UBND Xã Tiên Lãng_09a_TP_CT_Kết quả chứng thực tại Ủy ban nhân dân (UBND) cấp xã.xlsx,UBND Xã Tiên Lãng,09a,True
UBND Xã Tiên Lục_09a_TP_CT_Kết quả chứng thực tại Ủy ban nhân dân (UBND) cấp xã.xlsx,UBND Xã Tiên Lục,09a,True
UBND Xã Tiên Minh_04a_TP_PBGDPL_Kết quả công tác phổ biến giáo dục pháp luậ(...).xlsx,UBND Xã Tiên Minh,04a,True
UBND Xã Tiên Yên_09a_TP_CT_Kết quả chứng thực tại Ủy ban nhân dân (UBND) cấp xã.xlsx,UBND Xã Tiên Yên,09a,True
UBND Xã Triệu Lộc_09a_TP_CT_Kết quả chứng thực tại Ủy ban nhân dân (UBND) cấp xã.xlsx,UBND Xã Triệu Lộc,09a,True
UBND Xã Trung Chính_09a_TP_CT_Kết quả chứng thực tại Ủy ban nhân dân (UBND)(...).xlsx,UBND Xã Trung Chính,09a,True
UBND Xã Trung Giã_09a_TP_CT_Kết quả chứng thực tại Ủy ban nhân dân (UBND) cấp xã.xlsx,UBND Xã Trung Giã,09a,True
UBND Xã Trung Hiệp_01a_TP_TĐ-BH_Số dự thảo (DT) văn bản quy phạm pháp luật(...) copy.xlsx,UBND Xã Trung Hiệp,01a,True
UBND Xã Trung Hiệp_01a_TP_TĐ-BH_Số dự thảo (DT) văn bản quy phạm pháp luật(...).xlsx,UBND Xã Trung Hiệp,01a,True
UBND Xã Trung Hạ_09a_TP_CT_Kết quả chứng thực tại Ủy ban nhân dân (UBND) cấp xã.xlsx,UBND Xã Trung Hạ,09a,True
UBND Xã Trung Lý_09a_TP_CT_Kết quả chứng thực tại Ủy ban nhân dân (UBND) cấp xã.xlsx,UBND Xã Trung Lý,09a,True
UBND Xã Trung Sơn_09a_TP_CT_Kết quả chứng thực tại Ủy ban nhân dân (UBND) cấp xã copy 2.xlsx,UBND Xã Trung Sơn,09a,True
UBND Xã Trung Sơn_09a_TP_CT_Kết quả chứng thực tại Ủy ban nhân dân (UBND) cấp xã copy.xlsx,UBND Xã Trung Sơn,09a,True
UBND Xã Trung Sơn_09a_TP_CT_Kết quả chứng thực tại Ủy ban nhân dân (UBND) cấp xã.xlsx,UBND Xã Trung Sơn,09a,True
UBND Xã Trung Thành_09a_TP_CT_Kết quả chứng thực tại Ủy ban nhân dân (UBND)(...).xlsx,UBND Xã Trung Thành,09a,True
UBND Xã Tràng Xá_09a_TP_CT_Kết quả chứng thực tại Ủy ban nhân dân (UBND) cấp xã.xlsx,UBND Xã Tràng Xá,09a,True
UBND Xã Trường Hà_09a_TP_CT_Kết quả chứng thực tại Ủy ban nhân dân (UBND) cấp xã copy.xlsx,UBND Xã Trường Hà,09a,True
UBND Xã Trường Hà_09a_TP_CT_Kết quả chứng thực tại Ủy ban nhân dân (UBND) cấp xã.xlsx,UBND Xã Trường Hà,09a,True
UBND Xã Trường Lâm_09a_TP_CT_Kết quả chứng thực tại Ủy ban nhân dân (UBND)(...).xlsx,UBND Xã Trường Lâm,09a,True
UBND Xã Trường Văn_09a_TP_CT_Kết quả chứng thực tại Ủy ban nhân dân (UBND)(...).xlsx,UBND Xã Trường Văn,09a,True
UBND Xã Trường Xuân_01a_TP_TĐ-BH_Số dự thảo (DT) văn bản quy phạm pháp luật(...).xlsx,UBND Xã Trường Xuân,01a,True
UBND Xã Trường Xuân_09a_TP_CT_Kết quả chứng thực tại Ủy ban nhân dân (UBND)(...).xlsx,UBND Xã Trường Xuân,09a,True
UBND Xã Trại Cau_09a_TP_CT_Kết quả chứng thực tại Ủy ban nhân dân (UBND) cấp xã copy.xlsx,UBND Xã Trại Cau,09a,True
UBND Xã Trại Cau_09a_TP_CT_Kết quả chứng thực tại Ủy ban nhân dân (UBND) cấp xã.xlsx,UBND Xã Trại Cau,09a,True
UBND Xã Trần Phú_09a_TP_CT_Kết quả chứng thực tại Ủy ban nhân dân (UBND) cấp xã copy 2.xlsx,UBND Xã Trần Phú,09a,True
UBND Xã Trần Phú_09a_TP_CT_Kết quả chứng thực tại Ủy ban nhân dân (UBND) cấp xã copy.xlsx,UBND Xã Trần Phú,09a,True
UBND Xã Trần Phú_09a_TP_CT_Kết quả chứng thực tại Ủy ban nhân dân (UBND) cấp xã.xlsx,UBND Xã Trần Phú,09a,True
UBND Xã Trị An_09a_TP_CT_Kết quả chứng thực tại Ủy ban nhân dân (UBND) cấp xã copy.xlsx,UBND Xã Trị An,09a,True
UBND Xã Trị An_09a_TP_CT_Kết quả chứng thực tại Ủy ban nhân dân (UBND) cấp xã.xlsx,UBND Xã Trị An,09a,True
UBND Xã Trịnh Tường_01a_TP_TĐ-BH_Số dự thảo (DT) văn bản quy phạm pháp luật(...).xlsx,UBND Xã Trịnh Tường,01a,True
UBND Xã Trịnh Tường_05b_TP_HGCS_Kết quả công tác hòa giải ở cơ sở trên địa(...) copy.xlsx,UBND Xã Trịnh Tường,05b,True
UBND Xã Trịnh Tường_05b_TP_HGCS_Kết quả công tác hòa giải ở cơ sở trên địa(...).xlsx,UBND Xã Trịnh Tường,05b,True
UBND Xã Tuy An Bắc_05b_TP_HGCS_Kết quả công tác hòa giải ở cơ sở trên địa b(...) copy.xlsx,UBND Xã Tuy An Bắc,05b,True
UBND Xã Tuy An Bắc_05b_TP_HGCS_Kết quả công tác hòa giải ở cơ sở trên địa b(...).xlsx,UBND Xã Tuy An Bắc,05b,True
UBND Xã Tuy Phước Đông_09a_TP_CT_Kết quả chứng thực tại Ủy ban nhân dân (UB(...) copy.xlsx,UBND Xã Tuy Phước Đông,09a,True
UBND Xã Tuy Phước Đông_09a_TP_CT_Kết quả chứng thực tại Ủy ban nhân dân (UB(...).xlsx,UBND Xã Tuy Phước Đông,09a,True
UBND Xã Tuy Đức_05b_TP_HGCS_Kết quả công tác hòa giải ở cơ sở trên địa bàn(...).xlsx,UBND Xã Tuy Đức,05b,True
UBND Xã Tuấn Sơn_09a_TP_CT_Kết quả chứng thực tại Ủy ban nhân dân (UBND) cấp xã.xlsx,UBND Xã Tuấn Sơn,09a,True
UBND Xã Tuần Giáo_09a_TP_CT_Kết quả chứng thực tại Ủy ban nhân dân (UBND) cấp xã copy.xlsx,UBND Xã Tuần Giáo,09a,True
UBND Xã Tuần Giáo_09a_TP_CT_Kết quả chứng thực tại Ủy ban nhân dân (UBND) cấp xã.xlsx,UBND Xã Tuần Giáo,09a,True
UBND Xã Tà Xi Láng_09a_TP_CT_Kết quả chứng thực tại Ủy ban nhân dân (UBND)(...) copy.xlsx,UBND Xã Tà Xi Láng,09a,True
UBND Xã Tà Xi Láng_09a_TP_CT_Kết quả chứng thực tại Ủy ban nhân dân (UBND)(...).xlsx,UBND Xã Tà Xi Láng,09a,True
UBND Xã Tân Chi_09a_TP_CT_Kết quả chứng thực tại Ủy ban nhân dân (UBND) cấp xã.xlsx,UBND Xã Tân Chi,09a,True
UBND Xã Tân Cương_09a_TP_CT_Kết quả chứng thực tại Ủy ban nhân dân (UBND) cấp xã.xlsx,UBND Xã Tân Cương,09a,True
UBND Xã Tân Hòa_05b_TP_HGCS_Kết quả công tác hòa giải ở cơ sở trên địa bàn(...).xlsx,UBND Xã Tân Hòa,05b,True
UBND Xã Tân Hải_05b_TP_HGCS_Kết quả công tác hòa giải ở cơ sở trên địa bàn(...) copy.xlsx,UBND Xã Tân Hải,05b,True
UBND Xã Tân Hải_05b_TP_HGCS_Kết quả công tác hòa giải ở cơ sở trên địa bàn(...).xlsx,UBND Xã Tân Hải,05b,True
UBND Xã Tân Hồng_05b_TP_HGCS_Kết quả công tác hòa giải ở cơ sở trên địa bàn(...) copy.xlsx,UBND Xã Tân Hồng,05b,True
UBND Xã Tân Hồng_05b_TP_HGCS_Kết quả công tác hòa giải ở cơ sở trên địa bàn(...).xlsx,UBND Xã Tân Hồng,05b,True
UBND Xã Tân Hội_09a_TP_CT_Kết quả chứng thực tại Ủy ban nhân dân (UBND) cấp xã copy.xlsx,UBND Xã Tân Hội,09a,True
UBND Xã Tân Hội_09a_TP_CT_Kết quả chứng thực tại Ủy ban nhân dân (UBND) cấp xã.xlsx,UBND Xã Tân Hội,09a,True
UBND Xã Tân Khai_09a_TP_CT_Kết quả chứng thực tại Ủy ban nhân dân (UBND) cấp xã copy.xlsx,UBND Xã Tân Khai,09a,True
UBND Xã Tân Khai_09a_TP_CT_Kết quả chứng thực tại Ủy ban nhân dân (UBND) cấp xã.xlsx,UBND Xã Tân Khai,09a,True
UBND Xã Tân Khánh_09a_TP_CT_Kết quả chứng thực tại Ủy ban nhân dân (UBND) cấp xã copy.xlsx,UBND Xã Tân Khánh,09a,True
UBND Xã Tân Khánh_09a_TP_CT_Kết quả chứng thực tại Ủy ban nhân dân (UBND) cấp xã.xlsx,UBND Xã Tân Khánh,09a,True
UBND Xã Tân Long_05b_TP_HGCS_Kết quả công tác hòa giải ở cơ sở trên địa bàn(...).xlsx,UBND Xã Tân Long,05b,True
UBND Xã Tân Lân_09a_TP_CT_Kết quả chứng thực tại Ủy ban nhân dân (UBND) cấp xã copy.xlsx,UBND Xã Tân Lân,09a,True
UBND Xã Tân Lân_09a_TP_CT_Kết quả chứng thực tại Ủy ban nhân dân (UBND) cấp xã.xlsx,UBND Xã Tân Lân,09a,True
UBND Xã Tân Lĩnh_09a_TP_CT_Kết quả chứng thực tại Ủy ban nhân dân (UBND) cấp xã.xlsx,UBND Xã Tân Lĩnh,09a,True
UBND Xã Tân Lập_05b_TP_HGCS_Kết quả công tác hòa giải ở cơ sở trên địa bàn(...) copy.xlsx,UBND Xã Tân Lập,05b,True
UBND Xã Tân Lập_05b_TP_HGCS_Kết quả công tác hòa giải ở cơ sở trên địa bàn(...).xlsx,UBND Xã Tân Lập,05b,True
UBND Xã Tân Mai_09a_TP_CT_Kết quả chứng thực tại Ủy ban nhân dân (UBND) cấp xã.xlsx,UBND Xã Tân Mai,09a,True
UBND Xã Tân Minh_09a_TP_CT_Kết quả chứng thực tại Ủy ban nhân dân (UBND) cấp xã.xlsx,UBND Xã Tân Minh,09a,True
UBND Xã Tân Nhuận Đông_05b_TP_HGCS_Kết quả công tác hòa giải ở cơ sở trên đ(...).xlsx,UBND Xã Tân Nhuận Đông,05b,True
UBND Xã Tân Pheo_09a_TP_CT_Kết quả chứng thực tại Ủy ban nhân dân (UBND) cấp xã.xlsx,UBND Xã Tân Pheo,09a,True
UBND Xã Tân Phú_09a_TP_CT_Kết quả chứng thực tại Ủy ban nhân dân (UBND) cấp xã.xlsx,UBND Xã Tân Phú,09a,True
UBND Xã Tân Thuận_09a_TP_CT_Kết quả chứng thực tại Ủy ban nhân dân (UBND) cấp xã.xlsx,UBND Xã Tân Thuận,09a,True
UBND Xã Tân Thành_09a_TP_CT_Kết quả chứng thực tại Ủy ban nhân dân (UBND) cấp xã (2).xlsx,UBND Xã Tân Thành,09a,True
UBND Xã Tân Thành_09a_TP_CT_Kết quả chứng thực tại Ủy ban nhân dân (UBND) cấp xã copy.xlsx,UBND Xã Tân Thành,09a,True
UBND Xã Tân Thành_09a_TP_CT_Kết quả chứng thực tại Ủy ban nhân dân (UBND) cấp xã.xlsx,UBND Xã Tân Thành,09a,True
UBND Xã Tân Thạnh_09a_TP_CT_Kết quả chứng thực tại Ủy ban nhân dân (UBND) cấp xã.xlsx,UBND Xã Tân Thạnh,09a,True
UBND Xã Tân Tiến_09a_TP_CT_Kết quả chứng thực tại Ủy ban nhân dân (UBND) cấp xã.xlsx,UBND Xã Tân Tiến,09a,True
UBND Xã Tân Trào_05b_TP_HGCS_Kết quả công tác hòa giải ở cơ sở trên địa bàn(...) copy.xlsx,UBND Xã Tân Trào,05b,True
UBND Xã Tân Trào_05b_TP_HGCS_Kết quả công tác hòa giải ở cơ sở trên địa bàn(...).xlsx,UBND Xã Tân Trào,05b,True
UBND Xã Tân Tây_05b_TP_HGCS_Kết quả công tác hòa giải ở cơ sở trên địa bàn(...) copy.xlsx,UBND Xã Tân Tây,05b,True
UBND Xã Tân Tây_05b_TP_HGCS_Kết quả công tác hòa giải ở cơ sở trên địa bàn(...).xlsx,UBND Xã Tân Tây,05b,True
UBND Xã Tân Uyên_09a_TP_CT_Kết quả chứng thực tại Ủy ban nhân dân (UBND) cấp xã copy.xlsx,UBND Xã Tân Uyên,09a,True
UBND Xã Tân Uyên_09a_TP_CT_Kết quả chứng thực tại Ủy ban nhân dân (UBND) cấp xã.xlsx,UBND Xã Tân Uyên,09a,True
UBND Xã Tân Văn_09a_TP_CT_Kết quả chứng thực tại Ủy ban nhân dân (UBND) cấp xã.xlsx,UBND Xã Tân Văn,09a,True
UBND Xã Tân Ân_09a_TP_CT_Kết quả chứng thực tại Ủy ban nhân dân (UBND) cấp xã copy.xlsx,UBND Xã Tân Ân,09a,True
UBND Xã Tân Ân_09a_TP_CT_Kết quả chứng thực tại Ủy ban nhân dân (UBND) cấp xã.xlsx,UBND Xã Tân Ân,09a,True
UBND Xã Tân Đông_05b_TP_HGCS_Kết quả công tác hòa giải ở cơ sở trên địa bàn(...) copy.xlsx,UBND Xã Tân Đông,05b,True
UBND Xã Tân Đông_05b_TP_HGCS_Kết quả công tác hòa giải ở cơ sở trên địa bàn(...).xlsx,UBND Xã Tân Đông,05b,True
UBND Xã Tân Định_05b_TP_HGCS_Kết quả công tác hòa giải ở cơ sở trên địa bàn(...) copy.xlsx,UBND Xã Tân Định,05b,True
UBND Xã Tân Định_05b_TP_HGCS_Kết quả công tác hòa giải ở cơ sở trên địa bàn(...).xlsx,UBND Xã Tân Định,05b,True
UBND Xã Tây Yên Tử_09a_TP_CT_Kết quả chứng thực tại Ủy ban nhân dân (UBND)(...).xlsx,UBND Xã Tây Yên Tử,09a,True
UBND Xã Tây Đô_09a_TP_CT_Kết quả chứng thực tại Ủy ban nhân dân (UBND) cấp xã.xlsx,UBND Xã Tây Đô,09a,True
UBND Xã Tùng Vài_05b_TP_HGCS_Kết quả công tác hòa giải ở cơ sở trên địa bàn(...) copy.xlsx,UBND Xã Tùng Vài,05b,True
UBND Xã Tùng Vài_05b_TP_HGCS_Kết quả công tác hòa giải ở cơ sở trên địa bàn(...).xlsx,UBND Xã Tùng Vài,05b,True
UBND Xã Tơ Tung_09a_TP_CT_Kết quả chứng thực tại Ủy ban nhân dân (UBND) cấp xã copy.xlsx,UBND Xã Tơ Tung,09a,True
UBND Xã Tơ Tung_09a_TP_CT_Kết quả chứng thực tại Ủy ban nhân dân (UBND) cấp xã.xlsx,UBND Xã Tơ Tung,09a,True
UBND Xã Tương Dương_09a_TP_CT_Kết quả chứng thực tại Ủy ban nhân dân (UBND)(...).xlsx,UBND Xã Tương Dương,09a,True
UBND Xã Tượng Lĩnh_09a_TP_CT_Kết quả chứng thực tại Ủy ban nhân dân (UBND)(...).xlsx,UBND Xã Tượng Lĩnh,09a,True
UBND Xã Tả Củ Tỷ_09a_TP_CT_Kết quả chứng thực tại Ủy ban nhân dân (UBND) cấp xã.xlsx,UBND Xã Tả Củ Tỷ,09a,True
UBND Xã Tầm Vu_09a_TP_CT_Kết quả chứng thực tại Ủy ban nhân dân (UBND) cấp xã copy.xlsx,UBND Xã Tầm Vu,09a,True
UBND Xã Tầm Vu_09a_TP_CT_Kết quả chứng thực tại Ủy ban nhân dân (UBND) cấp xã.xlsx,UBND Xã Tầm Vu,09a,True
UBND Xã Tập Ngãi_01a_TP_TĐ-BH_Số dự thảo (DT) văn bản quy phạm pháp luật (V(...) copy.xlsx,UBND Xã Tập Ngãi,01a,True
UBND Xã Tập Ngãi_01a_TP_TĐ-BH_Số dự thảo (DT) văn bản quy phạm pháp luật (V(...).xlsx,UBND Xã Tập Ngãi,01a,True
UBND Xã Tằng Loỏng_05b_TP_HGCS_Kết quả công tác hòa giải ở cơ sở trên địa b(...) copy.xlsx,UBND Xã Tằng Loỏng,05b,True
UBND Xã Tằng Loỏng_05b_TP_HGCS_Kết quả công tác hòa giải ở cơ sở trên địa b(...).xlsx,UBND Xã Tằng Loỏng,05b,True
UBND Xã Tủa Sín Chải_05b_TP_HGCS_Kết quả công tác hòa giải ở cơ sở trên địa(...) copy.xlsx,UBND Xã Tủa Sín Chải,05b,True
UBND Xã Tủa Sín Chải_05b_TP_HGCS_Kết quả công tác hòa giải ở cơ sở trên địa(...).xlsx,UBND Xã Tủa Sín Chải,05b,True
UBND Xã Tủa Sín Chải_09a_TP_CT_Kết quả chứng thực tại Ủy ban nhân dân (UBND(...) copy.xlsx,UBND Xã Tủa Sín Chải,09a,True
UBND Xã Tủa Sín Chải_09a_TP_CT_Kết quả chứng thực tại Ủy ban nhân dân (UBND(...).xlsx,UBND Xã Tủa Sín Chải,09a,True
UBND Xã Tứ Kỳ_09a_TP_CT_Kết quả chứng thực tại Ủy ban nhân dân (UBND) cấp xã.xlsx,UBND Xã Tứ Kỳ,09a,True
UBND Xã Vinh Lộc_09a_TP_CT_Kết quả chứng thực tại Ủy ban nhân dân (UBND) cấp xã.xlsx,UBND Xã Vinh Lộc,09a,True
UBND Xã Việt Hồng_09a_TP_CT_Kết quả chứng thực tại Ủy ban nhân dân (UBND) cấp xã.xlsx,UBND Xã Việt Hồng,09a,True
UBND Xã Vân Canh_09a_TP_CT_Kết quả chứng thực tại Ủy ban nhân dân (UBND) cấp xã copy.xlsx,UBND Xã Vân Canh,09a,True
UBND Xã Vân Canh_09a_TP_CT_Kết quả chứng thực tại Ủy ban nhân dân (UBND) cấp xã.xlsx,UBND Xã Vân Canh,09a,True
UBND Xã Vân Du_09a_TP_CT_Kết quả chứng thực tại Ủy ban nhân dân (UBND) cấp xã.xlsx,UBND Xã Vân Du,09a,True
UBND Xã Vân Đình_09a_TP_CT_Kết quả chứng thực tại Ủy ban nhân dân (UBND) cấp xã copy.xlsx,UBND Xã Vân Đình,09a,True
UBND Xã Vân Đình_09a_TP_CT_Kết quả chứng thực tại Ủy ban nhân dân (UBND) cấp xã.xlsx,UBND Xã Vân Đình,09a,True
UBND Xã Võ Nhai_09a_TP_CT_Kết quả chứng thực tại Ủy ban nhân dân (UBND) cấp xã.xlsx,UBND Xã Võ Nhai,09a,True
UBND Xã Văn Kiều_09a_TP_CT_Kết quả chứng thực tại Ủy ban nhân dân (UBND) cấp xã.xlsx,UBND Xã Văn Kiều,09a,True
UBND Xã Văn Lăng_09a_TP_CT_Kết quả chứng thực tại Ủy ban nhân dân (UBND) cấp xã copy.xlsx,UBND Xã Văn Lăng,09a,True
UBND Xã Văn Lăng_09a_TP_CT_Kết quả chứng thực tại Ủy ban nhân dân (UBND) cấp xã.xlsx,UBND Xã Văn Lăng,09a,True
UBND Xã Văn Môn_09a_TP_CT_Kết quả chứng thực tại Ủy ban nhân dân (UBND) cấp xã.xlsx,UBND Xã Văn Môn,09a,True
UBND Xã Văn Phú_09a_TP_CT_Kết quả chứng thực tại Ủy ban nhân dân (UBND) cấp xã.xlsx,UBND Xã Văn Phú,09a,True
UBND Xã Vĩnh Hòa_09a_TP_CT_Kết quả chứng thực tại Ủy ban nhân dân (UBND) cấp xã.xlsx,UBND Xã Vĩnh Hòa,09a,True
UBND Xã Vĩnh Hưng_05b_TP_HGCS_Kết quả công tác hòa giải ở cơ sở trên địa bà(...).xlsx,UBND Xã Vĩnh Hưng,05b,True
UBND Xã Vĩnh Hậu_09a_TP_CT_Kết quả chứng thực tại Ủy ban nhân dân (UBND) cấp xã copy.xlsx,UBND Xã Vĩnh Hậu,09a,True
UBND Xã Vĩnh Hậu_09a_TP_CT_Kết quả chứng thực tại Ủy ban nhân dân (UBND) cấp xã.xlsx,UBND Xã Vĩnh Hậu,09a,True
UBND Xã Vĩnh Lại_04a_TP_PBGDPL_Kết quả công tác phổ biến giáo dục pháp luật(...).xlsx,UBND Xã Vĩnh Lại,04a,True
UBND Xã Vĩnh Lại_09a_TP_CT_Kết quả chứng thực tại Ủy ban nhân dân (UBND) cấp xã.xlsx,UBND Xã Vĩnh Lại,09a,True
UBND Xã Vĩnh Lộc_09a_TP_CT_Kết quả chứng thực tại Ủy ban nhân dân (UBND) cấp xã copy.xlsx,UBND Xã Vĩnh Lộc,09a,True
UBND Xã Vĩnh Lộc_09a_TP_CT_Kết quả chứng thực tại Ủy ban nhân dân (UBND) cấp xã.xlsx,UBND Xã Vĩnh Lộc,09a,True
UBND Xã Vĩnh Lợi_09a_TP_CT_Kết quả chứng thực tại Ủy ban nhân dân (UBND) cấp xã.xlsx,UBND Xã Vĩnh Lợi,09a,True
UBND Xã Vĩnh Quang_09a_TP_CT_Kết quả chứng thực tại Ủy ban nhân dân (UBND)(...) copy.xlsx,UBND Xã Vĩnh Quang,09a,True
UBND Xã Vĩnh Quang_09a_TP_CT_Kết quả chứng thực tại Ủy ban nhân dân (UBND)(...).xlsx,UBND Xã Vĩnh Quang,09a,True
UBND Xã Vĩnh Thanh_09a_TP_CT_Kết quả chứng thực tại Ủy ban nhân dân (UBND)(...).xlsx,UBND Xã Vĩnh Thanh,09a,True
UBND Xã Vĩnh Thạnh Trung_09a_TP_CT_Kết quả chứng thực tại Ủy ban nhân dân ((...).xlsx,UBND Xã Vĩnh Thạnh Trung,09a,True
UBND Xã Vĩnh Thạnh_09a_TP_CT_Kết quả chứng thực tại Ủy ban nhân dân (UBND)(...) copy 2.xlsx,UBND Xã Vĩnh Thạnh,09a,True
UBND Xã Vĩnh Thạnh_09a_TP_CT_Kết quả chứng thực tại Ủy ban nhân dân (UBND)(...) copy.xlsx,UBND Xã Vĩnh Thạnh,09a,True
UBND Xã Vĩnh Thạnh_09a_TP_CT_Kết quả chứng thực tại Ủy ban nhân dân (UBND)(...).xlsx,UBND Xã Vĩnh Thạnh,09a,True
UBND Xã Vĩnh Thịnh_09a_TP_CT_Kết quả chứng thực tại Ủy ban nhân dân (UBND)(...) copy.xlsx,UBND Xã Vĩnh Thịnh,09a,True
UBND Xã Vĩnh Thịnh_09a_TP_CT_Kết quả chứng thực tại Ủy ban nhân dân (UBND)(...).xlsx,UBND Xã Vĩnh Thịnh,09a,True
UBND Xã Vĩnh Tuy_09a_TP_CT_Kết quả chứng thực tại Ủy ban nhân dân (UBND) cấp xã.xlsx,UBND Xã Vĩnh Tuy,09a,True
UBND Xã Vĩnh Tường_09a_TP_CT_Kết quả chứng thực tại Ủy ban nhân dân (UBND)(...).xlsx,UBND Xã Vĩnh Tường,09a,True
UBND Xã Vạn An_04a_TP_PBGDPL_Kết quả công tác phổ biến giáo dục pháp luật t(...).xlsx,UBND Xã Vạn An,04a,True
UBND Xã Vạn Đức_09a_TP_CT_Kết quả chứng thực tại Ủy ban nhân dân (UBND) cấp xã copy.xlsx,UBND Xã Vạn Đức,09a,True
UBND Xã Vạn Đức_09a_TP_CT_Kết quả chứng thực tại Ủy ban nhân dân (UBND) cấp xã.xlsx,UBND Xã Vạn Đức,09a,True
UBND Xã Vật Lại_09a_TP_CT_Kết quả chứng thực tại Ủy ban nhân dân (UBND) cấp xã.xlsx,UBND Xã Vật Lại,09a,True
UBND Xã Vụ Bản_09a_TP_CT_Kết quả chứng thực tại Ủy ban nhân dân (UBND) cấp xã.xlsx,UBND Xã Vụ Bản,09a,True
UBND Xã Xuân Du_09a_TP_CT_Kết quả chứng thực tại Ủy ban nhân dân (UBND) cấp xã.xlsx,UBND Xã Xuân Du,09a,True
UBND Xã Xuân Lộc_09a_TP_CT_Kết quả chứng thực tại Ủy ban nhân dân (UBND) cấp xã.xlsx,UBND Xã Xuân Lộc,09a,True
UBND Xã Xuân Mai_09a_TP_CT_Kết quả chứng thực tại Ủy ban nhân dân (UBND) cấp xã copy.xlsx,UBND Xã Xuân Mai,09a,True
UBND Xã Xuân Mai_09a_TP_CT_Kết quả chứng thực tại Ủy ban nhân dân (UBND) cấp xã.xlsx,UBND Xã Xuân Mai,09a,True
UBND Xã Xuân Thái_09a_TP_CT_Kết quả chứng thực tại Ủy ban nhân dân (UBND) cấp xã.xlsx,UBND Xã Xuân Thái,09a,True
UBND Xã Xuân Viên_09a_TP_CT_Kết quả chứng thực tại Ủy ban nhân dân (UBND) cấp xã.xlsx,UBND Xã Xuân Viên,09a,True
UBND Xã Ya Hội_09a_TP_CT_Kết quả chứng thực tại Ủy ban nhân dân (UBND) cấp xã copy.xlsx,UBND Xã Ya Hội,09a,True
UBND Xã Ya Hội_09a_TP_CT_Kết quả chứng thực tại Ủy ban nhân dân (UBND) cấp xã.xlsx,UBND Xã Ya Hội,09a,True
UBND Xã Ya Ma_09a_TP_CT_Kết quả chứng thực tại Ủy ban nhân dân (UBND) cấp xã copy.xlsx,UBND Xã Ya Ma,09a,True
UBND Xã Ya Ma_09a_TP_CT_Kết quả chứng thực tại Ủy ban nhân dân (UBND) cấp xã.xlsx,UBND Xã Ya Ma,09a,True
UBND Xã Yên Bài_09a_TP_CT_Kết quả chứng thực tại Ủy ban nhân dân (UBND) cấp xã copy.xlsx,UBND Xã Yên Bài,09a,True
UBND Xã Yên Bài_09a_TP_CT_Kết quả chứng thực tại Ủy ban nhân dân (UBND) cấp xã.xlsx,UBND Xã Yên Bài,09a,True
UBND Xã Yên Bình_09a_TP_CT_Kết quả chứng thực tại Ủy ban nhân dân (UBND) cấp xã.xlsx,UBND Xã Yên Bình,09a,True
UBND Xã Yên Cường_05b_TP_HGCS_Kết quả công tác hòa giải ở cơ sở trên địa bà(...).xlsx,UBND Xã Yên Cường,05b,True
UBND Xã Yên Kỳ_09a_TP_CT_Kết quả chứng thực tại Ủy ban nhân dân (UBND) cấp xã.xlsx,UBND Xã Yên Kỳ,09a,True
UBND Xã Yên Lập_09a_TP_CT_Kết quả chứng thực tại Ủy ban nhân dân (UBND) cấp xã.xlsx,UBND Xã Yên Lập,09a,True
UBND Xã Yên Phong_09a_TP_CT_Kết quả chứng thực tại Ủy ban nhân dân (UBND) cấp xã copy.xlsx,UBND Xã Yên Phong,09a,True
UBND Xã Yên Phong_09a_TP_CT_Kết quả chứng thực tại Ủy ban nhân dân (UBND) cấp xã.xlsx,UBND Xã Yên Phong,09a,True
UBND Xã Yên Thắng_09a_TP_CT_Kết quả chứng thực tại Ủy ban nhân dân (UBND) cấp xã.xlsx,UBND Xã Yên Thắng,09a,True
UBND Xã Yên Thế_04a_TP_PBGDPL_Kết quả công tác phổ biến giáo dục pháp luật(...).xlsx,UBND Xã Yên Thế,04a,True
UBND Xã Yên Thế_09a_TP_CT_Kết quả chứng thực tại Ủy ban nhân dân (UBND) cấp xã.xlsx,UBND Xã Yên Thế,09a,True
UBND Xã Yên Trung_09a_TP_CT_Kết quả chứng thực tại Ủy ban nhân dân (UBND) cấp xã.xlsx,UBND Xã Yên Trung,09a,True
UBND Xã Yên Trị_09a_TP_CT_Kết quả chứng thực tại Ủy ban nhân dân (UBND) cấp xã.xlsx,UBND Xã Yên Trị,09a,True
UBND Xã Yên Định_05b_TP_HGCS_Kết quả công tác hòa giải ở cơ sở trên địa bàn(...).xlsx,UBND Xã Yên Định,05b,True
UBND Xã Ân Hảo_09a_TP_CT_Kết quả chứng thực tại Ủy ban nhân dân (UBND) cấp xã copy.xlsx,UBND Xã Ân Hảo,09a,True
UBND Xã Ân Hảo_09a_TP_CT_Kết quả chứng thực tại Ủy ban nhân dân (UBND) cấp xã.xlsx,UBND Xã Ân Hảo,09a,True
UBND Xã Ô Diên_09a_TP_CT_Kết quả chứng thực tại Ủy ban nhân dân (UBND) cấp xã.xlsx,UBND Xã Ô Diên,09a,True
UBND Xã Ô Lâm_09a_TP_CT_Kết quả chứng thực tại Ủy ban nhân dân (UBND) cấp xã.xlsx,UBND Xã Ô Lâm,09a,True
UBND Xã Đa Phúc_09a_TP_CT_Kết quả chứng thực tại Ủy ban nhân dân (UBND) cấp xã.xlsx,UBND Xã Đa Phúc,09a,True
UBND Xã Đak Pơ_09a_TP_CT_Kết quả chứng thực tại Ủy ban nhân dân (UBND) cấp xã copy.xlsx,UBND Xã Đak Pơ,09a,True
UBND Xã Đak Pơ_09a_TP_CT_Kết quả chứng thực tại Ủy ban nhân dân (UBND) cấp xã.xlsx,UBND Xã Đak Pơ,09a,True
UBND Xã Đak Sơmei_09a_TP_CT_Kết quả chứng thực tại Ủy ban nhân dân (UBND) cấp xã copy.xlsx,UBND Xã Đak Sơmei,09a,True
UBND Xã Đak Sơmei_09a_TP_CT_Kết quả chứng thực tại Ủy ban nhân dân (UBND) cấp xã.xlsx,UBND Xã Đak Sơmei,09a,True
UBND Xã Đan Hải_09a_TP_CT_Kết quả chứng thực tại Ủy ban nhân dân (UBND) cấp xã.xlsx,UBND Xã Đan Hải,09a,True
UBND Xã Điềm Thụy_09a_TP_CT_Kết quả chứng thực tại Ủy ban nhân dân (UBND) cấp xã copy.xlsx,UBND Xã Điềm Thụy,09a,True
UBND Xã Điềm Thụy_09a_TP_CT_Kết quả chứng thực tại Ủy ban nhân dân (UBND) cấp xã.xlsx,UBND Xã Điềm Thụy,09a,True
UBND Xã Đoài Dương_09a_TP_CT_Kết quả chứng thực tại Ủy ban nhân dân (UBND)(...) copy.xlsx,UBND Xã Đoài Dương,09a,True
UBND Xã Đoài Dương_09a_TP_CT_Kết quả chứng thực tại Ủy ban nhân dân (UBND)(...).xlsx,UBND Xã Đoài Dương,09a,True
UBND Xã Đoài Phương_09a_TP_CT_Kết quả chứng thực tại Ủy ban nhân dân (UBND)(...) copy.xlsx,UBND Xã Đoài Phương,09a,True
UBND Xã Đoài Phương_09a_TP_CT_Kết quả chứng thực tại Ủy ban nhân dân (UBND)(...).xlsx,UBND Xã Đoài Phương,09a,True
UBND Xã Đoàn Kết_05b_TP_HGCS_Kết quả công tác hòa giải ở cơ sở trên địa bàn(...).xlsx,UBND Xã Đoàn Kết,05b,True
UBND Xã Đoàn Kết_09a_TP_CT_Kết quả chứng thực tại Ủy ban nhân dân (UBND) cấp xã.xlsx,UBND Xã Đoàn Kết,09a,True
UBND Xã Đình Lập_09a_TP_CT_Kết quả chứng thực tại Ủy ban nhân dân (UBND) cấp xã.xlsx,UBND Xã Đình Lập,09a,True
UBND Xã Đông Anh_09a_TP_CT_Kết quả chứng thực tại Ủy ban nhân dân (UBND) cấp xã copy.xlsx,UBND Xã Đông Anh,09a,True
UBND Xã Đông Anh_09a_TP_CT_Kết quả chứng thực tại Ủy ban nhân dân (UBND) cấp xã.xlsx,UBND Xã Đông Anh,09a,True
UBND Xã Đông Hiếu_04a_TP_PBGDPL_Kết quả công tác phổ biến giáo dục pháp luậ(...).xlsx,UBND Xã Đông Hiếu,04a,True
UBND Xã Đông Hưng_09a_TP_CT_Kết quả chứng thực tại Ủy ban nhân dân (UBND) cấp xã.xlsx,UBND Xã Đông Hưng,09a,True
UBND Xã Đông Thành_09a_TP_CT_Kết quả chứng thực tại Ủy ban nhân dân (UBND)(...).xlsx,UBND Xã Đông Thành,09a,True
UBND Xã Đông Thái_09a_TP_CT_Kết quả chứng thực tại Ủy ban nhân dân (UBND) cấp xã.xlsx,UBND Xã Đông Thái,09a,True
UBND Xã Đường Hoa_09a_TP_CT_Kết quả chứng thực tại Ủy ban nhân dân (UBND) cấp xã.xlsx,UBND Xã Đường Hoa,09a,True
UBND Xã Đường Thượng_05b_TP_HGCS_Kết quả công tác hòa giải ở cơ sở trên địa(...) copy.xlsx,UBND Xã Đường Thượng,05b,True
UBND Xã Đường Thượng_05b_TP_HGCS_Kết quả công tác hòa giải ở cơ sở trên địa(...).xlsx,UBND Xã Đường Thượng,05b,True
UBND Xã Đạ Huoai 3_09a_TP_CT_Kết quả chứng thực tại Ủy ban nhân dân (UBND)(...) copy.xlsx,UBND Xã Đạ Huoai 3,09a,True
UBND Xã Đạ Huoai 3_09a_TP_CT_Kết quả chứng thực tại Ủy ban nhân dân (UBND)(...).xlsx,UBND Xã Đạ Huoai 3,09a,True
UBND Xã Đại An_01a_TP_TĐ-BH_Số dự thảo (DT) văn bản quy phạm pháp luật (VBQ(...) copy.xlsx,UBND Xã Đại An,01a,True
UBND Xã Đại An_01a_TP_TĐ-BH_Số dự thảo (DT) văn bản quy phạm pháp luật (VBQ(...).xlsx,UBND Xã Đại An,01a,True
UBND Xã Đại Từ_09a_TP_CT_Kết quả chứng thực tại Ủy ban nhân dân (UBND) cấp xã.xlsx,UBND Xã Đại Từ,09a,True
UBND Xã Đại Xuyên_09a_TP_CT_Kết quả chứng thực tại Ủy ban nhân dân (UBND) cấp xã.xlsx,UBND Xã Đại Xuyên,09a,True
UBND Xã Đất Đỏ_05b_TP_HGCS_Kết quả công tác hòa giải ở cơ sở trên địa bàn x(...) copy.xlsx,UBND Xã Đất Đỏ,05b,True
UBND Xã Đất Đỏ_05b_TP_HGCS_Kết quả công tác hòa giải ở cơ sở trên địa bàn x(...).xlsx,UBND Xã Đất Đỏ,05b,True
UBND Xã Đầm Hà_09a_TP_CT_Kết quả chứng thực tại Ủy ban nhân dân (UBND) cấp xã.xlsx,UBND Xã Đầm Hà,09a,True
UBND Xã Đắk Mil_05b_TP_HGCS_Kết quả công tác hòa giải ở cơ sở trên địa bàn(...).xlsx,UBND Xã Đắk Mil,05b,True
UBND Xã Đắk Sắk_01a_TP_TĐ-BH_Số dự thảo (DT) văn bản quy phạm pháp luật (VB(...).xlsx,UBND Xã Đắk Sắk,01a,True
UBND Xã Đắk Sắk_09a_TP_CT_Kết quả chứng thực tại Ủy ban nhân dân (UBND) cấp xã.xlsx,UBND Xã Đắk Sắk,09a,True
UBND Xã Định Hòa_09a_TP_CT_Kết quả chứng thực tại Ủy ban nhân dân (UBND) cấp xã.xlsx,UBND Xã Định Hòa,09a,True
UBND Xã Định Hóa_09a_TP_CT_Kết quả chứng thực tại Ủy ban nhân dân (UBND) cấp xã.xlsx,UBND Xã Định Hóa,09a,True
UBND Xã Đồng Lương_09a_TP_CT_Kết quả chứng thực tại Ủy ban nhân dân (UBND)(...).xlsx,UBND Xã Đồng Lương,09a,True
UBND Xã Đồng Tiến_09a_TP_CT_Kết quả chứng thực tại Ủy ban nhân dân (UBND) cấp xã.xlsx,UBND Xã Đồng Tiến,09a,True
UBND Xã Độc Lập_09a_TP_CT_Kết quả chứng thực tại Ủy ban nhân dân (UBND) cấp xã copy.xlsx,UBND Xã Độc Lập,09a,True
UBND Xã Độc Lập_09a_TP_CT_Kết quả chứng thực tại Ủy ban nhân dân (UBND) cấp xã.xlsx,UBND Xã Độc Lập,09a,True
UBND Xã Đức An_05b_TP_HGCS_Kết quả công tác hòa giải ở cơ sở trên địa bàn x(...) copy.xlsx,UBND Xã Đức An,05b,True
UBND Xã Đức An_05b_TP_HGCS_Kết quả công tác hòa giải ở cơ sở trên địa bàn x(...).xlsx,UBND Xã Đức An,05b,True
UBND Xã Đức Huệ_09a_TP_CT_Kết quả chứng thực tại Ủy ban nhân dân (UBND) cấp xã copy.xlsx,UBND Xã Đức Huệ,09a,True
UBND Xã Đức Huệ_09a_TP_CT_Kết quả chứng thực tại Ủy ban nhân dân (UBND) cấp xã.xlsx,UBND Xã Đức Huệ,09a,True
UBND Xã Đức Hòa_09a_TP_CT_Kết quả chứng thực tại Ủy ban nhân dân (UBND) cấp xã copy.xlsx,UBND Xã Đức Hòa,09a,True
UBND Xã Đức Hòa_09a_TP_CT_Kết quả chứng thực tại Ủy ban nhân dân (UBND) cấp xã.xlsx,UBND Xã Đức Hòa,09a,True
UBND Xã Ứng Hòa_09a_TP_CT_Kết quả chứng thực tại Ủy ban nhân dân (UBND) cấp xã copy.xlsx,UBND Xã Ứng Hòa,09a,True
UBND Xã Ứng Hòa_09a_TP_CT_Kết quả chứng thực tại Ủy ban nhân dân (UBND) cấp xã.xlsx,UBND Xã Ứng Hòa,09a,True
UBND Đặc khu Kiên Hải_09a_TP_CT_Kết quả chứng thực tại Ủy ban nhân dân (UBN(...).xlsx,UBND Đặc khu Kiên Hải,09a,True
"Viện Chiến lược và Khoa học pháp lý_01e_TP_TĐ-BH-TĐG_Số văn bản chính sách,(...).xlsx",Viện Chiến lược và Khoa học pháp lý,01e,True
Viện Chiến lược và Khoa học pháp lý_04d_TP_PBGDPL_Kết quả công tác phổ biến(...).xlsx,Viện Chiến lược và Khoa học pháp lý,04d,True
Văn phòng bộ_04d_TP_PBGDPL_Kết quả công tác phổ biến giáo dục pháp luật tại(...) copy.xlsx,Văn phòng bộ,04d,True
Văn phòng bộ_04d_TP_PBGDPL_Kết quả công tác phổ biến giáo dục pháp luật tại(...).xlsx,Văn phòng bộ,04d,True
"Văn phòng Chính phủ_01d_TP_TĐ-BH-TĐG_Số DT VBQPPL, số TTHC tại DT VBQPPL củ(...) copy.xlsx",Văn phòng Chính phủ,01d,True
"Văn phòng Chính phủ_01d_TP_TĐ-BH-TĐG_Số DT VBQPPL, số TTHC tại DT VBQPPL củ(...).xlsx",Văn phòng Chính phủ,01d,True
"Văn phòng Chính phủ_02b_TP_KTTTQ_Kết quả kiểm tra, xử lý văn bản theo thẩm(...).xlsx",Văn phòng Chính phủ,02b,True
Văn phòng Chính phủ_04d_TP_PBGDPL_Kết quả công tác phổ biến giáo dục pháp l(...).xlsx,Văn phòng Chính phủ,04d,True
"Vụ Pháp luật dân sự - kinh tế_01e_TP_TĐ-BH-TĐG_Số văn bản chính sách, DT VB(...).xlsx",Vụ Pháp luật dân sự - kinh tế,01e,True
Vụ Pháp luật dân sự - kinh tế_04d_TP_PBGDPL_Kết quả công tác phổ biến giáo(...).xlsx,Vụ Pháp luật dân sự - kinh tế,04d,True
"Vụ Pháp luật hình sự - hành chính_01e_TP_TĐ-BH-TĐG_Số văn bản chính sách, D(...).xlsx",Vụ Pháp luật hình sự - hành chính,01e,True
Vụ Pháp luật hình sự - hành chính_04d_TP_PBGDPL_Kết quả công tác phổ biến g(...).xlsx,Vụ Pháp luật hình sự - hành chính,04d,True
"Vụ Pháp luật quốc tế_01e_TP_TĐ-BH-TĐG_Số văn bản chính sách, DT VBQPPL do c(...).xlsx",Vụ Pháp luật quốc tế,01e,True
Vụ Pháp luật quốc tế_04d_TP_PBGDPL_Kết quả công tác phổ biến giáo dục pháp(...).xlsx,Vụ Pháp luật quốc tế,04d,True
Vụ Pháp luật quốc tế_17_TP_TTTP_Số hồ sơ ủy thác tư pháp về dân sự của Bộ T(...).xlsx,Vụ Pháp luật quốc tế,17,True
"Vụ Tổ chức cán bộ_01e_TP_TĐ-BH-TĐG_Số văn bản chính sách, DT VBQPPL do chín(...) copy.xlsx",Vụ Tổ chức cán bộ,01e,True
"Vụ Tổ chức cán bộ_01e_TP_TĐ-BH-TĐG_Số văn bản chính sách, DT VBQPPL do chín(...).xlsx",Vụ Tổ chức cán bộ,01e,True
Vụ Tổ chức cán bộ_04d_TP_PBGDPL_Kết quả công tác phổ biến giáo dục pháp luậ(...) copy.xlsx,Vụ Tổ chức cán bộ,04d,True
Vụ Tổ chức cán bộ_04d_TP_PBGDPL_Kết quả công tác phổ biến giáo dục pháp luậ(...).xlsx,Vụ Tổ chức cán bộ,04d,True
